ベンダ,"GRAPHTEC Corporation"
モデル,"GL260"
バージョン,"Ver1.03  "
最大CH数,10
WL開始CH,10
演算開始CH,10
最大ロジックCH数,4
最大演算CH数,10
Logic/Pulse,Off
温度単位,C
測定間隔,1s
測定点数,685       
トリガ点,0         
開始時刻,2026-05-12,14:41:33
終了時刻,2026-05-12,14:52:57
トリガ時刻,2026-05-12,14:41:33
アンプ設定
CH,信号名,アンプ,入力,レンジ,温度レンジ,フィルタ,スパン,,単位,線色,,,線幅
CH1," CH 1","M",TEMP,TC_K,2000degC,Off,+300.0,+0.0,[degC],28,5,6,0
CH2," CH 2","M",TEMP,TC_K,2000degC,Off,+300.0,+0.0,[degC],0,13,23,0
CH3," CH 3","M",TEMP,TC_K,2000degC,Off,+300.0,+0.0,[degC],9,22,8,0
CH4," CH 4","M",TEMP,TC_K,2000degC,Off,+300.0,+0.0,[degC],21,0,21,0
CH5," CH 5","M",TEMP,TC_K,2000degC,Off,+300.0,+0.0,[degC],28,16,2,0
CH6," CH 6","M",TEMP,TC_K,2000degC,Off,+300.0,+0.0,[degC],5,23,30,0
CH7," CH 7","M",TEMP,TC_K,2000degC,Off,+300.0,+0.0,[degC],30,23,1,0
CH8," CH 8","M",TEMP,TC_K,2000degC,Off,+300.0,+0.0,[degC],28,0,17,0
CH9," CH 9","M",TEMP,TC_K,2000degC,Off,+300.0,+0.0,[degC],17,11,7,0
CH10," CH10","M",TEMP,TC_K,2000degC,Off,+300.0,+0.0,[degC],19,27,0,0
演算設定
CH,左項,演算子,右項,スケーリング,スパン,,単位
演算拡張設定
CH,信号名,係数A,左項,演算子,係数B,右項,オフセットC,スケーリング,スパン,,単位,線色,,,線幅
測定値
番号,日付/時間,ms,CH1,CH2,CH3,CH4,CH5,CH6,CH7,CH8,CH9,CH10,Alarm1-10,AlarmOut
NO.,Time,ms,"degC","degC","degC","degC","degC","degC","degC","degC","degC","degC","A1234567890","AO1234"
         1,2026/05/12 14:41:33,  0, +312.4, +300.4, +304.6,  +28.2,  +24.9,BURNOUT,BURNOUT,BURNOUT,BURNOUT,BURNOUT,LLLLLLLLLL,LLLL
         2,2026/05/12 14:41:34,  0, +313.0, +301.2, +305.5,  +28.2,  +25.0,BURNOUT,BURNOUT,BURNOUT,BURNOUT,BURNOUT,LLLLLLLLLL,LLLL
         3,2026/05/12 14:41:35,  0, +313.6, +302.0, +306.2,  +28.2,  +25.0,BURNOUT,BURNOUT,BURNOUT,BURNOUT,BURNOUT,LLLLLLLLLL,LLLL
         4,2026/05/12 14:41:36,  0, +314.1, +302.6, +307.0,  +28.2,  +25.0,BURNOUT,BURNOUT,BURNOUT,BURNOUT,BURNOUT,LLLLLLLLLL,LLLL
         5,2026/05/12 14:41:37,  0, +314.6, +303.4, +307.8,  +28.2,  +25.0,BURNOUT,BURNOUT,BURNOUT,BURNOUT,BURNOUT,LLLLLLLLLL,LLLL
         6,2026/05/12 14:41:38,  0, +315.1, +304.0, +308.5,  +28.2,  +25.0,BURNOUT,BURNOUT,BURNOUT,BURNOUT,BURNOUT,LLLLLLLLLL,LLLL
         7,2026/05/12 14:41:39,  0, +315.6, +304.7, +309.3,  +28.2,  +25.0,BURNOUT,BURNOUT,BURNOUT,BURNOUT,BURNOUT,LLLLLLLLLL,LLLL
         8,2026/05/12 14:41:40,  0, +316.1, +305.3, +309.9,  +28.2,  +25.0,BURNOUT,BURNOUT,BURNOUT,BURNOUT,BURNOUT,LLLLLLLLLL,LLLL
         9,2026/05/12 14:41:41,  0, +316.6, +306.0, +310.6,  +28.2,  +25.0,BURNOUT,BURNOUT,BURNOUT,BURNOUT,BURNOUT,LLLLLLLLLL,LLLL
        10,2026/05/12 14:41:42,  0, +317.0, +306.5, +311.3,  +28.1,  +25.0,BURNOUT,BURNOUT,BURNOUT,BURNOUT,BURNOUT,LLLLLLLLLL,LLLL
        11,2026/05/12 14:41:43,  0, +317.4, +307.1, +312.0,  +28.1,  +25.0,BURNOUT,BURNOUT,BURNOUT,BURNOUT,BURNOUT,LLLLLLLLLL,LLLL
        12,2026/05/12 14:41:44,  0, +317.9, +307.8, +312.6,  +28.1,  +25.0,BURNOUT,BURNOUT,BURNOUT,BURNOUT,BURNOUT,LLLLLLLLLL,LLLL
        13,2026/05/12 14:41:45,  0, +318.3, +308.4, +313.3,  +28.1,  +25.0,BURNOUT,BURNOUT,BURNOUT,BURNOUT,BURNOUT,LLLLLLLLLL,LLLL
        14,2026/05/12 14:41:46,  0, +318.6, +308.9, +313.8,  +28.0,  +24.9,BURNOUT,BURNOUT,BURNOUT,BURNOUT,BURNOUT,LLLLLLLLLL,LLLL
        15,2026/05/12 14:41:47,  0, +318.9, +309.4, +314.4,  +27.9,  +24.9,BURNOUT,BURNOUT,BURNOUT,BURNOUT,BURNOUT,LLLLLLLLLL,LLLL
        16,2026/05/12 14:41:48,  0, +319.4, +310.0, +315.0,  +28.0,  +24.9,BURNOUT,BURNOUT,BURNOUT,BURNOUT,BURNOUT,LLLLLLLLLL,LLLL
        17,2026/05/12 14:41:49,  0, +319.7, +310.5, +315.6,  +27.9,  +24.9,BURNOUT,BURNOUT,BURNOUT,BURNOUT,BURNOUT,LLLLLLLLLL,LLLL
        18,2026/05/12 14:41:50,  0, +320.1, +311.1, +316.2,  +27.9,  +24.9,BURNOUT,BURNOUT,BURNOUT,BURNOUT,BURNOUT,LLLLLLLLLL,LLLL
        19,2026/05/12 14:41:51,  0, +320.4, +311.6, +316.9,  +27.9,  +25.0,BURNOUT,BURNOUT,BURNOUT,BURNOUT,BURNOUT,LLLLLLLLLL,LLLL
        20,2026/05/12 14:41:52,  0, +320.7, +312.1, +317.6,  +27.9,  +25.0,BURNOUT,BURNOUT,BURNOUT,BURNOUT,BURNOUT,LLLLLLLLLL,LLLL
        21,2026/05/12 14:41:53,  0, +321.1, +312.6, +317.9,  +27.9,  +24.9,BURNOUT,BURNOUT,BURNOUT,BURNOUT,BURNOUT,LLLLLLLLLL,LLLL
        22,2026/05/12 14:41:54,  0, +321.5, +313.2, +317.9,  +27.9,  +25.0,BURNOUT,BURNOUT,BURNOUT,BURNOUT,BURNOUT,LLLLLLLLLL,LLLL
        23,2026/05/12 14:41:55,  0, +321.8, +313.6, +317.6,  +27.9,  +24.9,BURNOUT,BURNOUT,BURNOUT,BURNOUT,BURNOUT,LLLLLLLLLL,LLLL
        24,2026/05/12 14:41:56,  0, +322.1, +314.2, +317.0,  +27.9,  +24.9,BURNOUT,BURNOUT,BURNOUT,BURNOUT,BURNOUT,LLLLLLLLLL,LLLL
        25,2026/05/12 14:41:57,  0, +322.4, +314.7, +316.2,  +27.8,  +24.9,BURNOUT,BURNOUT,BURNOUT,BURNOUT,BURNOUT,LLLLLLLLLL,LLLL
        26,2026/05/12 14:41:58,  0, +322.7, +315.0, +315.3,  +27.8,  +24.9,BURNOUT,BURNOUT,BURNOUT,BURNOUT,BURNOUT,LLLLLLLLLL,LLLL
        27,2026/05/12 14:41:59,  0, +323.0, +315.3, +314.2,  +27.8,  +24.9,BURNOUT,BURNOUT,BURNOUT,BURNOUT,BURNOUT,LLLLLLLLLL,LLLL
        28,2026/05/12 14:42:00,  0, +323.3, +315.1, +312.9,  +27.8,  +25.0,BURNOUT,BURNOUT,BURNOUT,BURNOUT,BURNOUT,LLLLLLLLLL,LLLL
        29,2026/05/12 14:42:01,  0, +323.5, +314.7, +311.7,  +27.8,  +25.0,BURNOUT,BURNOUT,BURNOUT,BURNOUT,BURNOUT,LLLLLLLLLL,LLLL
        30,2026/05/12 14:42:02,  0, +323.9, +313.9, +310.3,  +27.7,  +25.0,BURNOUT,BURNOUT,BURNOUT,BURNOUT,BURNOUT,LLLLLLLLLL,LLLL
        31,2026/05/12 14:42:03,  0, +324.2, +313.2, +308.8,  +27.7,  +25.0,BURNOUT,BURNOUT,BURNOUT,BURNOUT,BURNOUT,LLLLLLLLLL,LLLL
        32,2026/05/12 14:42:04,  0, +324.5, +312.1, +307.4,  +27.7,  +24.9,BURNOUT,BURNOUT,BURNOUT,BURNOUT,BURNOUT,LLLLLLLLLL,LLLL
        33,2026/05/12 14:42:05,  0, +324.6, +310.9, +305.8,  +27.7,  +24.9,BURNOUT,BURNOUT,BURNOUT,BURNOUT,BURNOUT,LLLLLLLLLL,LLLL
        34,2026/05/12 14:42:06,  0, +324.5, +309.9, +304.2,  +27.7,  +24.9,BURNOUT,BURNOUT,BURNOUT,BURNOUT,BURNOUT,LLLLLLLLLL,LLLL
        35,2026/05/12 14:42:07,  0, +323.9, +308.5, +302.6,  +27.6,  +25.0,BURNOUT,BURNOUT,BURNOUT,BURNOUT,BURNOUT,LLLLLLLLLL,LLLL
        36,2026/05/12 14:42:08,  0, +323.2, +307.4, +300.9,  +27.7,  +25.0,BURNOUT,BURNOUT,BURNOUT,BURNOUT,BURNOUT,LLLLLLLLLL,LLLL
        37,2026/05/12 14:42:09,  0, +322.3, +306.2, +299.2,  +27.6,  +24.9,BURNOUT,BURNOUT,BURNOUT,BURNOUT,BURNOUT,LLLLLLLLLL,LLLL
        38,2026/05/12 14:42:10,  0, +321.2, +305.1, +297.5,  +27.6,  +24.9,BURNOUT,BURNOUT,BURNOUT,BURNOUT,BURNOUT,LLLLLLLLLL,LLLL
        39,2026/05/12 14:42:11,  0, +320.1, +304.1, +295.6,  +27.6,  +24.9,BURNOUT,BURNOUT,BURNOUT,BURNOUT,BURNOUT,LLLLLLLLLL,LLLL
        40,2026/05/12 14:42:12,  0, +318.8, +303.2, +294.0,  +27.6,  +24.9,BURNOUT,BURNOUT,BURNOUT,BURNOUT,BURNOUT,LLLLLLLLLL,LLLL
        41,2026/05/12 14:42:13,  0, +317.4, +302.1, +292.1,  +27.6,  +24.9,BURNOUT,BURNOUT,BURNOUT,BURNOUT,BURNOUT,LLLLLLLLLL,LLLL
        42,2026/05/12 14:42:14,  0, +316.0, +301.0, +290.3,  +27.6,  +24.9,BURNOUT,BURNOUT,BURNOUT,BURNOUT,BURNOUT,LLLLLLLLLL,LLLL
        43,2026/05/12 14:42:15,  0, +314.5, +299.6, +288.6,  +27.5,  +25.0,BURNOUT,BURNOUT,BURNOUT,BURNOUT,BURNOUT,LLLLLLLLLL,LLLL
        44,2026/05/12 14:42:16,  0, +312.9, +298.0, +286.9,  +27.6,  +24.9,BURNOUT,BURNOUT,BURNOUT,BURNOUT,BURNOUT,LLLLLLLLLL,LLLL
        45,2026/05/12 14:42:17,  0, +311.2, +296.5, +285.2,  +27.6,  +24.9,BURNOUT,BURNOUT,BURNOUT,BURNOUT,BURNOUT,LLLLLLLLLL,LLLL
        46,2026/05/12 14:42:18,  0, +309.6, +294.9, +283.5,  +27.6,  +24.9,BURNOUT,BURNOUT,BURNOUT,BURNOUT,BURNOUT,LLLLLLLLLL,LLLL
        47,2026/05/12 14:42:19,  0, +308.0, +293.4, +281.8,  +27.5,  +25.0,BURNOUT,BURNOUT,BURNOUT,BURNOUT,BURNOUT,LLLLLLLLLL,LLLL
        48,2026/05/12 14:42:20,  0, +306.3, +291.7, +280.2,  +27.5,  +24.9,BURNOUT,BURNOUT,BURNOUT,BURNOUT,BURNOUT,LLLLLLLLLL,LLLL
        49,2026/05/12 14:42:21,  0, +304.4, +289.8, +278.5,  +27.5,  +24.9,BURNOUT,BURNOUT,BURNOUT,BURNOUT,BURNOUT,LLLLLLLLLL,LLLL
        50,2026/05/12 14:42:22,  0, +302.7, +288.0, +276.7,  +27.5,  +24.9,BURNOUT,BURNOUT,BURNOUT,BURNOUT,BURNOUT,LLLLLLLLLL,LLLL
        51,2026/05/12 14:42:23,  0, +300.8, +286.4, +275.1,  +27.5,  +24.9,BURNOUT,BURNOUT,BURNOUT,BURNOUT,BURNOUT,LLLLLLLLLL,LLLL
        52,2026/05/12 14:42:24,  0, +299.0, +284.7, +273.5,  +27.5,  +25.0,BURNOUT,BURNOUT,BURNOUT,BURNOUT,BURNOUT,LLLLLLLLLL,LLLL
        53,2026/05/12 14:42:25,  0, +297.2, +283.0, +272.0,  +27.5,  +24.9,BURNOUT,BURNOUT,BURNOUT,BURNOUT,BURNOUT,LLLLLLLLLL,LLLL
        54,2026/05/12 14:42:26,  0, +294.9, +281.3, +270.3,  +27.5,  +24.9,BURNOUT,BURNOUT,BURNOUT,BURNOUT,BURNOUT,LLLLLLLLLL,LLLL
        55,2026/05/12 14:42:27,  0, +293.7, +279.6, +268.7,  +27.5,  +24.9,BURNOUT,BURNOUT,BURNOUT,BURNOUT,BURNOUT,LLLLLLLLLL,LLLL
        56,2026/05/12 14:42:28,  0, +291.8, +277.9, +267.2,  +27.5,  +24.9,BURNOUT,BURNOUT,BURNOUT,BURNOUT,BURNOUT,LLLLLLLLLL,LLLL
        57,2026/05/12 14:42:29,  0, +290.0, +276.2, +265.5,  +27.5,  +24.9,BURNOUT,BURNOUT,BURNOUT,BURNOUT,BURNOUT,LLLLLLLLLL,LLLL
        58,2026/05/12 14:42:30,  0, +288.1, +274.5, +263.9,  +27.4,  +24.9,BURNOUT,BURNOUT,BURNOUT,BURNOUT,BURNOUT,LLLLLLLLLL,LLLL
        59,2026/05/12 14:42:31,  0, +286.2, +272.9, +262.4,  +27.4,  +24.9,BURNOUT,BURNOUT,BURNOUT,BURNOUT,BURNOUT,LLLLLLLLLL,LLLL
        60,2026/05/12 14:42:32,  0, +284.4, +271.2, +260.8,  +27.4,  +25.0,BURNOUT,BURNOUT,BURNOUT,BURNOUT,BURNOUT,LLLLLLLLLL,LLLL
        61,2026/05/12 14:42:33,  0, +282.5, +269.6, +259.3,  +27.4,  +25.0,BURNOUT,BURNOUT,BURNOUT,BURNOUT,BURNOUT,LLLLLLLLLL,LLLL
        62,2026/05/12 14:42:34,  0, +280.7, +268.1, +257.8,  +27.4,  +24.9,BURNOUT,BURNOUT,BURNOUT,BURNOUT,BURNOUT,LLLLLLLLLL,LLLL
        63,2026/05/12 14:42:35,  0, +279.0, +266.5, +256.2,  +27.4,  +25.0,BURNOUT,BURNOUT,BURNOUT,BURNOUT,BURNOUT,LLLLLLLLLL,LLLL
        64,2026/05/12 14:42:36,  0, +277.2, +264.9, +254.8,  +27.4,  +24.9,BURNOUT,BURNOUT,BURNOUT,BURNOUT,BURNOUT,LLLLLLLLLL,LLLL
        65,2026/05/12 14:42:37,  0, +275.4, +263.4, +253.3,  +27.4,  +24.9,BURNOUT,BURNOUT,BURNOUT,BURNOUT,BURNOUT,LLLLLLLLLL,LLLL
        66,2026/05/12 14:42:38,  0, +273.7, +261.9, +251.8,  +27.4,  +24.9,BURNOUT,BURNOUT,BURNOUT,BURNOUT,BURNOUT,LLLLLLLLLL,LLLL
        67,2026/05/12 14:42:39,  0, +272.0, +260.4, +250.4,  +27.4,  +24.9,BURNOUT,BURNOUT,BURNOUT,BURNOUT,BURNOUT,LLLLLLLLLL,LLLL
        68,2026/05/12 14:42:40,  0, +270.3, +258.9, +248.9,  +27.4,  +25.0,BURNOUT,BURNOUT,BURNOUT,BURNOUT,BURNOUT,LLLLLLLLLL,LLLL
        69,2026/05/12 14:42:41,  0, +268.6, +257.4, +247.5,  +27.4,  +24.9,BURNOUT,BURNOUT,BURNOUT,BURNOUT,BURNOUT,LLLLLLLLLL,LLLL
        70,2026/05/12 14:42:42,  0, +266.9, +256.0, +246.1,  +27.4,  +25.0,BURNOUT,BURNOUT,BURNOUT,BURNOUT,BURNOUT,LLLLLLLLLL,LLLL
        71,2026/05/12 14:42:43,  0, +265.3, +254.5, +244.7,  +27.4,  +25.0,BURNOUT,BURNOUT,BURNOUT,BURNOUT,BURNOUT,LLLLLLLLLL,LLLL
        72,2026/05/12 14:42:44,  0, +263.6, +253.1, +243.3,  +27.3,  +24.9,BURNOUT,BURNOUT,BURNOUT,BURNOUT,BURNOUT,LLLLLLLLLL,LLLL
        73,2026/05/12 14:42:45,  0, +262.0, +251.6, +241.9,  +27.3,  +24.9,BURNOUT,BURNOUT,BURNOUT,BURNOUT,BURNOUT,LLLLLLLLLL,LLLL
        74,2026/05/12 14:42:46,  0, +260.4, +250.2, +240.6,  +27.3,  +25.0,BURNOUT,BURNOUT,BURNOUT,BURNOUT,BURNOUT,LLLLLLLLLL,LLLL
        75,2026/05/12 14:42:47,  0, +258.8, +248.9, +239.3,  +27.3,  +25.0,BURNOUT,BURNOUT,BURNOUT,BURNOUT,BURNOUT,LLLLLLLLLL,LLLL
        76,2026/05/12 14:42:48,  0, +257.3, +247.4, +237.9,  +27.3,  +24.9,BURNOUT,BURNOUT,BURNOUT,BURNOUT,BURNOUT,LLLLLLLLLL,LLLL
        77,2026/05/12 14:42:49,  0, +255.7, +246.0, +236.6,  +27.3,  +25.0,BURNOUT,BURNOUT,BURNOUT,BURNOUT,BURNOUT,LLLLLLLLLL,LLLL
        78,2026/05/12 14:42:50,  0, +254.3, +244.7, +235.3,  +27.3,  +24.9,BURNOUT,BURNOUT,BURNOUT,BURNOUT,BURNOUT,LLLLLLLLLL,LLLL
        79,2026/05/12 14:42:51,  0, +252.7, +243.4, +234.0,  +27.3,  +25.0,BURNOUT,BURNOUT,BURNOUT,BURNOUT,BURNOUT,LLLLLLLLLL,LLLL
        80,2026/05/12 14:42:52,  0, +251.3, +242.0, +232.7,  +27.3,  +25.0,BURNOUT,BURNOUT,BURNOUT,BURNOUT,BURNOUT,LLLLLLLLLL,LLLL
        81,2026/05/12 14:42:53,  0, +249.7, +240.6, +231.5,  +27.3,  +24.9,BURNOUT,BURNOUT,BURNOUT,BURNOUT,BURNOUT,LLLLLLLLLL,LLLL
        82,2026/05/12 14:42:54,  0, +248.2, +239.4, +230.3,  +27.2,  +24.9,BURNOUT,BURNOUT,BURNOUT,BURNOUT,BURNOUT,LLLLLLLLLL,LLLL
        83,2026/05/12 14:42:55,  0, +246.8, +238.1, +229.0,  +27.2,  +25.0,BURNOUT,BURNOUT,BURNOUT,BURNOUT,BURNOUT,LLLLLLLLLL,LLLL
        84,2026/05/12 14:42:56,  0, +245.3, +236.8, +227.8,  +27.3,  +24.9,BURNOUT,BURNOUT,BURNOUT,BURNOUT,BURNOUT,LLLLLLLLLL,LLLL
        85,2026/05/12 14:42:57,  0, +243.9, +235.5, +226.6,  +27.2,  +24.9,BURNOUT,BURNOUT,BURNOUT,BURNOUT,BURNOUT,LLLLLLLLLL,LLLL
        86,2026/05/12 14:42:58,  0, +242.4, +234.1, +225.3,  +27.2,  +24.9,BURNOUT,BURNOUT,BURNOUT,BURNOUT,BURNOUT,LLLLLLLLLL,LLLL
        87,2026/05/12 14:42:59,  0, +241.0, +232.9, +224.1,  +27.2,  +24.9,BURNOUT,BURNOUT,BURNOUT,BURNOUT,BURNOUT,LLLLLLLLLL,LLLL
        88,2026/05/12 14:43:00,  0, +239.7, +231.6, +222.9,  +27.2,  +24.9,BURNOUT,BURNOUT,BURNOUT,BURNOUT,BURNOUT,LLLLLLLLLL,LLLL
        89,2026/05/12 14:43:01,  0, +238.3, +230.4, +221.8,  +27.1,  +24.9,BURNOUT,BURNOUT,BURNOUT,BURNOUT,BURNOUT,LLLLLLLLLL,LLLL
        90,2026/05/12 14:43:02,  0, +236.9, +229.2, +220.6,  +27.1,  +24.9,BURNOUT,BURNOUT,BURNOUT,BURNOUT,BURNOUT,LLLLLLLLLL,LLLL
        91,2026/05/12 14:43:03,  0, +235.6, +227.9, +219.4,  +27.1,  +24.9,BURNOUT,BURNOUT,BURNOUT,BURNOUT,BURNOUT,LLLLLLLLLL,LLLL
        92,2026/05/12 14:43:04,  0, +234.3, +226.8, +218.3,  +27.1,  +24.9,BURNOUT,BURNOUT,BURNOUT,BURNOUT,BURNOUT,LLLLLLLLLL,LLLL
        93,2026/05/12 14:43:05,  0, +233.0, +225.5, +217.1,  +27.1,  +24.9,BURNOUT,BURNOUT,BURNOUT,BURNOUT,BURNOUT,LLLLLLLLLL,LLLL
        94,2026/05/12 14:43:06,  0, +231.6, +224.3, +216.0,  +27.1,  +24.9,BURNOUT,BURNOUT,BURNOUT,BURNOUT,BURNOUT,LLLLLLLLLL,LLLL
        95,2026/05/12 14:43:07,  0, +230.4, +223.2, +214.9,  +27.1,  +24.9,BURNOUT,BURNOUT,BURNOUT,BURNOUT,BURNOUT,LLLLLLLLLL,LLLL
        96,2026/05/12 14:43:08,  0, +229.2, +222.0, +213.8,  +27.1,  +24.9,BURNOUT,BURNOUT,BURNOUT,BURNOUT,BURNOUT,LLLLLLLLLL,LLLL
        97,2026/05/12 14:43:09,  0, +227.9, +220.8, +212.7,  +27.1,  +24.8,BURNOUT,BURNOUT,BURNOUT,BURNOUT,BURNOUT,LLLLLLLLLL,LLLL
        98,2026/05/12 14:43:10,  0, +226.7, +219.7, +211.5,  +27.1,  +24.9,BURNOUT,BURNOUT,BURNOUT,BURNOUT,BURNOUT,LLLLLLLLLL,LLLL
        99,2026/05/12 14:43:11,  0, +225.4, +218.6, +210.5,  +27.1,  +24.9,BURNOUT,BURNOUT,BURNOUT,BURNOUT,BURNOUT,LLLLLLLLLL,LLLL
       100,2026/05/12 14:43:12,  0, +224.2, +217.4, +209.4,  +27.1,  +24.9,BURNOUT,BURNOUT,BURNOUT,BURNOUT,BURNOUT,LLLLLLLLLL,LLLL
       101,2026/05/12 14:43:13,  0, +223.0, +216.3, +208.4,  +27.0,  +24.9,BURNOUT,BURNOUT,BURNOUT,BURNOUT,BURNOUT,LLLLLLLLLL,LLLL
       102,2026/05/12 14:43:14,  0, +221.8, +215.2, +207.3,  +27.1,  +24.9,BURNOUT,BURNOUT,BURNOUT,BURNOUT,BURNOUT,LLLLLLLLLL,LLLL
       103,2026/05/12 14:43:15,  0, +220.6, +214.0, +206.2,  +27.1,  +24.9,BURNOUT,BURNOUT,BURNOUT,BURNOUT,BURNOUT,LLLLLLLLLL,LLLL
       104,2026/05/12 14:43:16,  0, +219.4, +213.0, +205.2,  +27.0,  +24.9,BURNOUT,BURNOUT,BURNOUT,BURNOUT,BURNOUT,LLLLLLLLLL,LLLL
       105,2026/05/12 14:43:17,  0, +218.3, +211.9, +204.1,  +27.0,  +24.9,BURNOUT,BURNOUT,BURNOUT,BURNOUT,BURNOUT,LLLLLLLLLL,LLLL
       106,2026/05/12 14:43:18,  0, +217.1, +210.9, +203.1,  +27.0,  +24.9,BURNOUT,BURNOUT,BURNOUT,BURNOUT,BURNOUT,LLLLLLLLLL,LLLL
       107,2026/05/12 14:43:19,  0, +216.0, +209.7, +202.0,  +27.0,  +24.9,BURNOUT,BURNOUT,BURNOUT,BURNOUT,BURNOUT,LLLLLLLLLL,LLLL
       108,2026/05/12 14:43:20,  0, +214.8, +208.7, +201.1,  +27.0,  +24.9,BURNOUT,BURNOUT,BURNOUT,BURNOUT,BURNOUT,LLLLLLLLLL,LLLL
       109,2026/05/12 14:43:21,  0, +213.7, +207.7, +200.2,  +27.0,  +24.9,BURNOUT,BURNOUT,BURNOUT,BURNOUT,BURNOUT,LLLLLLLLLL,LLLL
       110,2026/05/12 14:43:22,  0, +212.7, +206.6, +199.1,  +27.0,  +25.0,BURNOUT,BURNOUT,BURNOUT,BURNOUT,BURNOUT,LLLLLLLLLL,LLLL
       111,2026/05/12 14:43:23,  0, +211.5, +205.6, +198.1,  +27.0,  +25.0,BURNOUT,BURNOUT,BURNOUT,BURNOUT,BURNOUT,LLLLLLLLLL,LLLL
       112,2026/05/12 14:43:24,  0, +210.4, +204.6, +197.2,  +27.0,  +24.9,BURNOUT,BURNOUT,BURNOUT,BURNOUT,BURNOUT,LLLLLLLLLL,LLLL
       113,2026/05/12 14:43:25,  0, +209.4, +203.5, +196.3,  +27.0,  +24.9,BURNOUT,BURNOUT,BURNOUT,BURNOUT,BURNOUT,LLLLLLLLLL,LLLL
       114,2026/05/12 14:43:26,  0, +208.2, +202.5, +195.3,  +27.0,  +24.9,BURNOUT,BURNOUT,BURNOUT,BURNOUT,BURNOUT,LLLLLLLLLL,LLLL
       115,2026/05/12 14:43:27,  0, +207.2, +201.5, +194.3,  +27.0,  +24.9,BURNOUT,BURNOUT,BURNOUT,BURNOUT,BURNOUT,LLLLLLLLLL,LLLL
       116,2026/05/12 14:43:28,  0, +206.2, +200.5, +193.3,  +27.0,  +24.9,BURNOUT,BURNOUT,BURNOUT,BURNOUT,BURNOUT,LLLLLLLLLL,LLLL
       117,2026/05/12 14:43:29,  0, +205.1, +199.5, +192.4,  +27.0,  +24.9,BURNOUT,BURNOUT,BURNOUT,BURNOUT,BURNOUT,LLLLLLLLLL,LLLL
       118,2026/05/12 14:43:30,  0, +204.1, +198.6, +191.4,  +27.0,  +24.9,BURNOUT,BURNOUT,BURNOUT,BURNOUT,BURNOUT,LLLLLLLLLL,LLLL
       119,2026/05/12 14:43:31,  0, +203.1, +197.6, +190.5,  +27.0,  +24.9,BURNOUT,BURNOUT,BURNOUT,BURNOUT,BURNOUT,LLLLLLLLLL,LLLL
       120,2026/05/12 14:43:32,  0, +202.1, +196.6, +189.6,  +27.0,  +24.9,BURNOUT,BURNOUT,BURNOUT,BURNOUT,BURNOUT,LLLLLLLLLL,LLLL
       121,2026/05/12 14:43:33,  0, +201.1, +195.8, +188.7,  +27.0,  +24.9,BURNOUT,BURNOUT,BURNOUT,BURNOUT,BURNOUT,LLLLLLLLLL,LLLL
       122,2026/05/12 14:43:34,  0, +200.2, +194.8, +187.8,  +27.0,  +25.0,BURNOUT,BURNOUT,BURNOUT,BURNOUT,BURNOUT,LLLLLLLLLL,LLLL
       123,2026/05/12 14:43:35,  0, +199.1, +193.8, +186.9,  +27.0,  +25.0,BURNOUT,BURNOUT,BURNOUT,BURNOUT,BURNOUT,LLLLLLLLLL,LLLL
       124,2026/05/12 14:43:36,  0, +198.1, +192.9, +186.0,  +26.9,  +24.9,BURNOUT,BURNOUT,BURNOUT,BURNOUT,BURNOUT,LLLLLLLLLL,LLLL
       125,2026/05/12 14:43:37,  0, +197.1, +192.0, +185.1,  +27.0,  +24.9,BURNOUT,BURNOUT,BURNOUT,BURNOUT,BURNOUT,LLLLLLLLLL,LLLL
       126,2026/05/12 14:43:38,  0, +196.1, +191.1, +184.2,  +27.0,  +24.9,BURNOUT,BURNOUT,BURNOUT,BURNOUT,BURNOUT,LLLLLLLLLL,LLLL
       127,2026/05/12 14:43:39,  0, +195.2, +190.1, +183.4,  +27.0,  +25.0,BURNOUT,BURNOUT,BURNOUT,BURNOUT,BURNOUT,LLLLLLLLLL,LLLL
       128,2026/05/12 14:43:40,  0, +194.2, +189.2, +182.4,  +26.9,  +24.9,BURNOUT,BURNOUT,BURNOUT,BURNOUT,BURNOUT,LLLLLLLLLL,LLLL
       129,2026/05/12 14:43:41,  0, +193.3, +188.3, +181.6,  +26.9,  +24.9,BURNOUT,BURNOUT,BURNOUT,BURNOUT,BURNOUT,LLLLLLLLLL,LLLL
       130,2026/05/12 14:43:42,  0, +192.4, +187.4, +180.8,  +26.9,  +24.9,BURNOUT,BURNOUT,BURNOUT,BURNOUT,BURNOUT,LLLLLLLLLL,LLLL
       131,2026/05/12 14:43:43,  0, +191.4, +186.6, +179.9,  +26.9,  +24.9,BURNOUT,BURNOUT,BURNOUT,BURNOUT,BURNOUT,LLLLLLLLLL,LLLL
       132,2026/05/12 14:43:44,  0, +190.5, +185.7, +179.1,  +26.9,  +24.9,BURNOUT,BURNOUT,BURNOUT,BURNOUT,BURNOUT,LLLLLLLLLL,LLLL
       133,2026/05/12 14:43:45,  0, +189.6, +184.8, +178.3,  +26.9,  +25.0,BURNOUT,BURNOUT,BURNOUT,BURNOUT,BURNOUT,LLLLLLLLLL,LLLL
       134,2026/05/12 14:43:46,  0, +188.6, +183.9, +177.4,  +26.9,  +24.9,BURNOUT,BURNOUT,BURNOUT,BURNOUT,BURNOUT,LLLLLLLLLL,LLLL
       135,2026/05/12 14:43:47,  0, +187.8, +183.1, +176.6,  +26.9,  +25.0,BURNOUT,BURNOUT,BURNOUT,BURNOUT,BURNOUT,LLLLLLLLLL,LLLL
       136,2026/05/12 14:43:48,  0, +186.9, +182.3, +175.8,  +26.9,  +25.0,BURNOUT,BURNOUT,BURNOUT,BURNOUT,BURNOUT,LLLLLLLLLL,LLLL
       137,2026/05/12 14:43:49,  0, +186.0, +181.4, +175.0,  +26.8,  +25.0,BURNOUT,BURNOUT,BURNOUT,BURNOUT,BURNOUT,LLLLLLLLLL,LLLL
       138,2026/05/12 14:43:50,  0, +185.2, +180.6, +174.3,  +26.8,  +25.0,BURNOUT,BURNOUT,BURNOUT,BURNOUT,BURNOUT,LLLLLLLLLL,LLLL
       139,2026/05/12 14:43:51,  0, +184.5, +179.7, +173.4,  +26.8,  +25.0,BURNOUT,BURNOUT,BURNOUT,BURNOUT,BURNOUT,LLLLLLLLLL,LLLL
       140,2026/05/12 14:43:52,  0, +184.0, +178.9, +172.6,  +26.8,  +25.0,BURNOUT,BURNOUT,BURNOUT,BURNOUT,BURNOUT,LLLLLLLLLL,LLLL
       141,2026/05/12 14:43:53,  0, +183.8, +178.1, +171.8,  +26.9,  +25.0,BURNOUT,BURNOUT,BURNOUT,BURNOUT,BURNOUT,LLLLLLLLLL,LLLL
       142,2026/05/12 14:43:54,  0, +183.9, +177.3, +171.1,  +26.8,  +25.0,BURNOUT,BURNOUT,BURNOUT,BURNOUT,BURNOUT,LLLLLLLLLL,LLLL
       143,2026/05/12 14:43:55,  0, +184.2, +176.5, +170.3,  +26.8,  +25.0,BURNOUT,BURNOUT,BURNOUT,BURNOUT,BURNOUT,LLLLLLLLLL,LLLL
       144,2026/05/12 14:43:56,  0, +184.4, +175.7, +169.6,  +26.8,  +25.0,BURNOUT,BURNOUT,BURNOUT,BURNOUT,BURNOUT,LLLLLLLLLL,LLLL
       145,2026/05/12 14:43:57,  0, +184.6, +174.9, +168.8,  +26.8,  +25.0,BURNOUT,BURNOUT,BURNOUT,BURNOUT,BURNOUT,LLLLLLLLLL,LLLL
       146,2026/05/12 14:43:58,  0, +184.6, +174.1, +168.0,  +26.8,  +25.0,BURNOUT,BURNOUT,BURNOUT,BURNOUT,BURNOUT,LLLLLLLLLL,LLLL
       147,2026/05/12 14:43:59,  0, +184.6, +173.3, +167.3,  +26.8,  +25.0,BURNOUT,BURNOUT,BURNOUT,BURNOUT,BURNOUT,LLLLLLLLLL,LLLL
       148,2026/05/12 14:44:00,  0, +184.6, +172.5, +166.5,  +26.8,  +24.9,BURNOUT,BURNOUT,BURNOUT,BURNOUT,BURNOUT,LLLLLLLLLL,LLLL
       149,2026/05/12 14:44:01,  0, +184.4, +171.8, +165.8,  +26.8,  +25.0,BURNOUT,BURNOUT,BURNOUT,BURNOUT,BURNOUT,LLLLLLLLLL,LLLL
       150,2026/05/12 14:44:02,  0, +184.3, +171.0, +165.1,  +26.8,  +25.0,BURNOUT,BURNOUT,BURNOUT,BURNOUT,BURNOUT,LLLLLLLLLL,LLLL
       151,2026/05/12 14:44:03,  0, +184.1, +170.3, +164.3,  +26.8,  +25.0,BURNOUT,BURNOUT,BURNOUT,BURNOUT,BURNOUT,LLLLLLLLLL,LLLL
       152,2026/05/12 14:44:04,  0, +183.9, +169.5, +163.6,  +26.8,  +25.0,BURNOUT,BURNOUT,BURNOUT,BURNOUT,BURNOUT,LLLLLLLLLL,LLLL
       153,2026/05/12 14:44:05,  0, +183.7, +168.8, +162.9,  +26.8,  +25.0,BURNOUT,BURNOUT,BURNOUT,BURNOUT,BURNOUT,LLLLLLLLLL,LLLL
       154,2026/05/12 14:44:06,  0, +183.5, +167.9, +162.2,  +26.8,  +25.0,BURNOUT,BURNOUT,BURNOUT,BURNOUT,BURNOUT,LLLLLLLLLL,LLLL
       155,2026/05/12 14:44:07,  0, +183.2, +167.3, +161.5,  +26.8,  +25.0,BURNOUT,BURNOUT,BURNOUT,BURNOUT,BURNOUT,LLLLLLLLLL,LLLL
       156,2026/05/12 14:44:08,  0, +182.9, +166.5, +160.9,  +26.8,  +25.0,BURNOUT,BURNOUT,BURNOUT,BURNOUT,BURNOUT,LLLLLLLLLL,LLLL
       157,2026/05/12 14:44:09,  0, +182.8, +165.8, +160.1,  +26.8,  +25.0,BURNOUT,BURNOUT,BURNOUT,BURNOUT,BURNOUT,LLLLLLLLLL,LLLL
       158,2026/05/12 14:44:10,  0, +182.4, +165.1, +159.4,  +26.8,  +25.0,BURNOUT,BURNOUT,BURNOUT,BURNOUT,BURNOUT,LLLLLLLLLL,LLLL
       159,2026/05/12 14:44:11,  0, +182.2, +164.3, +158.8,  +26.8,  +25.0,BURNOUT,BURNOUT,BURNOUT,BURNOUT,BURNOUT,LLLLLLLLLL,LLLL
       160,2026/05/12 14:44:12,  0, +181.9, +163.6, +158.1,  +26.8,  +25.0,BURNOUT,BURNOUT,BURNOUT,BURNOUT,BURNOUT,LLLLLLLLLL,LLLL
       161,2026/05/12 14:44:13,  0, +181.6, +162.9, +157.4,  +26.8,  +25.0,BURNOUT,BURNOUT,BURNOUT,BURNOUT,BURNOUT,LLLLLLLLLL,LLLL
       162,2026/05/12 14:44:14,  0, +181.3, +162.2, +156.8,  +26.8,  +25.0,BURNOUT,BURNOUT,BURNOUT,BURNOUT,BURNOUT,LLLLLLLLLL,LLLL
       163,2026/05/12 14:44:15,  0, +180.9, +161.5, +156.1,  +26.8,  +25.0,BURNOUT,BURNOUT,BURNOUT,BURNOUT,BURNOUT,LLLLLLLLLL,LLLL
       164,2026/05/12 14:44:16,  0, +180.6, +160.8, +155.5,  +26.8,  +25.0,BURNOUT,BURNOUT,BURNOUT,BURNOUT,BURNOUT,LLLLLLLLLL,LLLL
       165,2026/05/12 14:44:17,  0, +180.3, +160.1, +154.9,  +26.8,  +25.0,BURNOUT,BURNOUT,BURNOUT,BURNOUT,BURNOUT,LLLLLLLLLL,LLLL
       166,2026/05/12 14:44:18,  0, +179.9, +159.4, +154.4,  +26.8,  +25.0,BURNOUT,BURNOUT,BURNOUT,BURNOUT,BURNOUT,LLLLLLLLLL,LLLL
       167,2026/05/12 14:44:19,  0, +179.6, +158.7, +154.0,  +26.8,  +25.0,BURNOUT,BURNOUT,BURNOUT,BURNOUT,BURNOUT,LLLLLLLLLL,LLLL
       168,2026/05/12 14:44:20,  0, +179.3, +158.1, +153.6,  +26.8,  +25.0,BURNOUT,BURNOUT,BURNOUT,BURNOUT,BURNOUT,LLLLLLLLLL,LLLL
       169,2026/05/12 14:44:21,  0, +178.9, +157.4, +153.3,  +26.8,  +25.0,BURNOUT,BURNOUT,BURNOUT,BURNOUT,BURNOUT,LLLLLLLLLL,LLLL
       170,2026/05/12 14:44:22,  0, +178.6, +156.8, +153.0,  +26.8,  +25.0,BURNOUT,BURNOUT,BURNOUT,BURNOUT,BURNOUT,LLLLLLLLLL,LLLL
       171,2026/05/12 14:44:23,  0, +178.2, +156.1, +152.9,  +26.8,  +25.0,BURNOUT,BURNOUT,BURNOUT,BURNOUT,BURNOUT,LLLLLLLLLL,LLLL
       172,2026/05/12 14:44:24,  0, +177.9, +155.4, +152.7,  +26.8,  +25.0,BURNOUT,BURNOUT,BURNOUT,BURNOUT,BURNOUT,LLLLLLLLLL,LLLL
       173,2026/05/12 14:44:25,  0, +177.5, +154.8, +152.6,  +26.8,  +25.0,BURNOUT,BURNOUT,BURNOUT,BURNOUT,BURNOUT,LLLLLLLLLL,LLLL
       174,2026/05/12 14:44:26,  0, +177.2, +154.1, +152.5,  +26.8,  +25.0,BURNOUT,BURNOUT,BURNOUT,BURNOUT,BURNOUT,LLLLLLLLLL,LLLL
       175,2026/05/12 14:44:27,  0, +176.8, +153.5, +152.3,  +26.7,  +25.0,BURNOUT,BURNOUT,BURNOUT,BURNOUT,BURNOUT,LLLLLLLLLL,LLLL
       176,2026/05/12 14:44:28,  0, +176.4, +152.8, +152.3,  +26.7,  +25.0,BURNOUT,BURNOUT,BURNOUT,BURNOUT,BURNOUT,LLLLLLLLLL,LLLL
       177,2026/05/12 14:44:29,  0, +176.0, +152.2, +152.1,  +26.7,  +25.0,BURNOUT,BURNOUT,BURNOUT,BURNOUT,BURNOUT,LLLLLLLLLL,LLLL
       178,2026/05/12 14:44:30,  0, +175.6, +151.6, +152.0,  +26.7,  +25.0,BURNOUT,BURNOUT,BURNOUT,BURNOUT,BURNOUT,LLLLLLLLLL,LLLL
       179,2026/05/12 14:44:31,  0, +175.2, +150.9, +151.9,  +26.7,  +25.0,BURNOUT,BURNOUT,BURNOUT,BURNOUT,BURNOUT,LLLLLLLLLL,LLLL
       180,2026/05/12 14:44:32,  0, +174.8, +150.3, +151.7,  +26.7,  +25.0,BURNOUT,BURNOUT,BURNOUT,BURNOUT,BURNOUT,LLLLLLLLLL,LLLL
       181,2026/05/12 14:44:33,  0, +174.4, +149.7, +151.6,  +26.6,  +25.0,BURNOUT,BURNOUT,BURNOUT,BURNOUT,BURNOUT,LLLLLLLLLL,LLLL
       182,2026/05/12 14:44:34,  0, +173.9, +149.1, +151.4,  +26.6,  +25.0,BURNOUT,BURNOUT,BURNOUT,BURNOUT,BURNOUT,LLLLLLLLLL,LLLL
       183,2026/05/12 14:44:35,  0, +173.6, +148.5, +151.3,  +26.7,  +25.0,BURNOUT,BURNOUT,BURNOUT,BURNOUT,BURNOUT,LLLLLLLLLL,LLLL
       184,2026/05/12 14:44:36,  0, +173.1, +147.9, +151.0,  +26.6,  +25.0,BURNOUT,BURNOUT,BURNOUT,BURNOUT,BURNOUT,LLLLLLLLLL,LLLL
       185,2026/05/12 14:44:37,  0, +172.7, +147.3, +150.9,  +26.7,  +25.0,BURNOUT,BURNOUT,BURNOUT,BURNOUT,BURNOUT,LLLLLLLLLL,LLLL
       186,2026/05/12 14:44:38,  0, +172.3, +146.7, +150.6,  +26.6,  +25.0,BURNOUT,BURNOUT,BURNOUT,BURNOUT,BURNOUT,LLLLLLLLLL,LLLL
       187,2026/05/12 14:44:39,  0, +171.8, +146.0, +150.4,  +26.6,  +25.0,BURNOUT,BURNOUT,BURNOUT,BURNOUT,BURNOUT,LLLLLLLLLL,LLLL
       188,2026/05/12 14:44:40,  0, +171.4, +145.4, +150.2,  +26.6,  +25.0,BURNOUT,BURNOUT,BURNOUT,BURNOUT,BURNOUT,LLLLLLLLLL,LLLL
       189,2026/05/12 14:44:41,  0, +170.9, +144.9, +149.9,  +26.6,  +25.0,BURNOUT,BURNOUT,BURNOUT,BURNOUT,BURNOUT,LLLLLLLLLL,LLLL
       190,2026/05/12 14:44:42,  0, +170.5, +144.2, +149.6,  +26.6,  +25.0,BURNOUT,BURNOUT,BURNOUT,BURNOUT,BURNOUT,LLLLLLLLLL,LLLL
       191,2026/05/12 14:44:43,  0, +170.1, +143.6, +149.4,  +26.6,  +25.0,BURNOUT,BURNOUT,BURNOUT,BURNOUT,BURNOUT,LLLLLLLLLL,LLLL
       192,2026/05/12 14:44:44,  0, +169.6, +143.1, +149.1,  +26.6,  +25.0,BURNOUT,BURNOUT,BURNOUT,BURNOUT,BURNOUT,LLLLLLLLLL,LLLL
       193,2026/05/12 14:44:45,  0, +169.3, +142.5, +148.8,  +26.6,  +25.0,BURNOUT,BURNOUT,BURNOUT,BURNOUT,BURNOUT,LLLLLLLLLL,LLLL
       194,2026/05/12 14:44:46,  0, +168.7, +141.9, +148.5,  +26.6,  +25.0,BURNOUT,BURNOUT,BURNOUT,BURNOUT,BURNOUT,LLLLLLLLLL,LLLL
       195,2026/05/12 14:44:47,  0, +168.3, +141.3, +148.2,  +26.6,  +25.0,BURNOUT,BURNOUT,BURNOUT,BURNOUT,BURNOUT,LLLLLLLLLL,LLLL
       196,2026/05/12 14:44:48,  0, +167.8, +140.7, +147.9,  +26.6,  +25.0,BURNOUT,BURNOUT,BURNOUT,BURNOUT,BURNOUT,LLLLLLLLLL,LLLL
       197,2026/05/12 14:44:49,  0, +167.4, +140.2, +147.6,  +26.5,  +25.0,BURNOUT,BURNOUT,BURNOUT,BURNOUT,BURNOUT,LLLLLLLLLL,LLLL
       198,2026/05/12 14:44:50,  0, +166.9, +139.6, +147.3,  +26.6,  +25.0,BURNOUT,BURNOUT,BURNOUT,BURNOUT,BURNOUT,LLLLLLLLLL,LLLL
       199,2026/05/12 14:44:51,  0, +166.4, +139.1, +147.0,  +26.5,  +25.0,BURNOUT,BURNOUT,BURNOUT,BURNOUT,BURNOUT,LLLLLLLLLL,LLLL
       200,2026/05/12 14:44:52,  0, +165.9, +138.5, +146.7,  +26.5,  +25.0,BURNOUT,BURNOUT,BURNOUT,BURNOUT,BURNOUT,LLLLLLLLLL,LLLL
       201,2026/05/12 14:44:53,  0, +165.4, +138.0, +146.3,  +26.6,  +25.0,BURNOUT,BURNOUT,BURNOUT,BURNOUT,BURNOUT,LLLLLLLLLL,LLLL
       202,2026/05/12 14:44:54,  0, +165.0, +137.4, +146.0,  +26.5,  +24.9,BURNOUT,BURNOUT,BURNOUT,BURNOUT,BURNOUT,LLLLLLLLLL,LLLL
       203,2026/05/12 14:44:55,  0, +164.6, +136.8, +145.7,  +26.5,  +25.0,BURNOUT,BURNOUT,BURNOUT,BURNOUT,BURNOUT,LLLLLLLLLL,LLLL
       204,2026/05/12 14:44:56,  0, +164.0, +136.3, +145.4,  +26.5,  +25.0,BURNOUT,BURNOUT,BURNOUT,BURNOUT,BURNOUT,LLLLLLLLLL,LLLL
       205,2026/05/12 14:44:57,  0, +163.6, +135.7, +145.0,  +26.5,  +25.0,BURNOUT,BURNOUT,BURNOUT,BURNOUT,BURNOUT,LLLLLLLLLL,LLLL
       206,2026/05/12 14:44:58,  0, +163.0, +135.2, +144.7,  +26.5,  +25.0,BURNOUT,BURNOUT,BURNOUT,BURNOUT,BURNOUT,LLLLLLLLLL,LLLL
       207,2026/05/12 14:44:59,  0, +162.6, +134.7, +144.4,  +26.5,  +25.0,BURNOUT,BURNOUT,BURNOUT,BURNOUT,BURNOUT,LLLLLLLLLL,LLLL
       208,2026/05/12 14:45:00,  0, +162.1, +134.1, +144.0,  +26.5,  +25.0,BURNOUT,BURNOUT,BURNOUT,BURNOUT,BURNOUT,LLLLLLLLLL,LLLL
       209,2026/05/12 14:45:01,  0, +161.6, +133.6, +143.7,  +26.5,  +25.0,BURNOUT,BURNOUT,BURNOUT,BURNOUT,BURNOUT,LLLLLLLLLL,LLLL
       210,2026/05/12 14:45:02,  0, +161.1, +133.1, +143.3,  +26.5,  +25.0,BURNOUT,BURNOUT,BURNOUT,BURNOUT,BURNOUT,LLLLLLLLLL,LLLL
       211,2026/05/12 14:45:03,  0, +160.6, +132.6, +143.0,  +26.5,  +25.0,BURNOUT,BURNOUT,BURNOUT,BURNOUT,BURNOUT,LLLLLLLLLL,LLLL
       212,2026/05/12 14:45:04,  0, +160.1, +132.0, +142.6,  +26.5,  +25.0,BURNOUT,BURNOUT,BURNOUT,BURNOUT,BURNOUT,LLLLLLLLLL,LLLL
       213,2026/05/12 14:45:05,  0, +159.6, +131.6, +142.3,  +26.5,  +25.0,BURNOUT,BURNOUT,BURNOUT,BURNOUT,BURNOUT,LLLLLLLLLL,LLLL
       214,2026/05/12 14:45:06,  0, +159.1, +131.0, +142.0,  +26.5,  +25.0,BURNOUT,BURNOUT,BURNOUT,BURNOUT,BURNOUT,LLLLLLLLLL,LLLL
       215,2026/05/12 14:45:07,  0, +158.6, +130.5, +141.6,  +26.5,  +25.0,BURNOUT,BURNOUT,BURNOUT,BURNOUT,BURNOUT,LLLLLLLLLL,LLLL
       216,2026/05/12 14:45:08,  0, +158.1, +130.0, +141.3,  +26.5,  +25.0,BURNOUT,BURNOUT,BURNOUT,BURNOUT,BURNOUT,LLLLLLLLLL,LLLL
       217,2026/05/12 14:45:09,  0, +157.6, +129.5, +140.9,  +26.5,  +25.0,BURNOUT,BURNOUT,BURNOUT,BURNOUT,BURNOUT,LLLLLLLLLL,LLLL
       218,2026/05/12 14:45:10,  0, +157.1, +129.0, +140.5,  +26.5,  +25.0,BURNOUT,BURNOUT,BURNOUT,BURNOUT,BURNOUT,LLLLLLLLLL,LLLL
       219,2026/05/12 14:45:11,  0, +156.6, +128.6, +140.2,  +26.5,  +24.9,BURNOUT,BURNOUT,BURNOUT,BURNOUT,BURNOUT,LLLLLLLLLL,LLLL
       220,2026/05/12 14:45:12,  0, +156.1, +128.1, +139.9,  +26.5,  +25.0,BURNOUT,BURNOUT,BURNOUT,BURNOUT,BURNOUT,LLLLLLLLLL,LLLL
       221,2026/05/12 14:45:13,  0, +155.6, +127.6, +139.5,  +26.5,  +25.0,BURNOUT,BURNOUT,BURNOUT,BURNOUT,BURNOUT,LLLLLLLLLL,LLLL
       222,2026/05/12 14:45:14,  0, +155.1, +127.1, +139.2,  +26.4,  +25.0,BURNOUT,BURNOUT,BURNOUT,BURNOUT,BURNOUT,LLLLLLLLLL,LLLL
       223,2026/05/12 14:45:15,  0, +154.6, +126.6, +138.8,  +26.5,  +25.0,BURNOUT,BURNOUT,BURNOUT,BURNOUT,BURNOUT,LLLLLLLLLL,LLLL
       224,2026/05/12 14:45:16,  0, +154.1, +126.1, +138.5,  +26.5,  +25.0,BURNOUT,BURNOUT,BURNOUT,BURNOUT,BURNOUT,LLLLLLLLLL,LLLL
       225,2026/05/12 14:45:17,  0, +153.6, +125.7, +138.1,  +26.5,  +25.0,BURNOUT,BURNOUT,BURNOUT,BURNOUT,BURNOUT,LLLLLLLLLL,LLLL
       226,2026/05/12 14:45:18,  0, +153.0, +125.1, +137.8,  +26.5,  +25.0,BURNOUT,BURNOUT,BURNOUT,BURNOUT,BURNOUT,LLLLLLLLLL,LLLL
       227,2026/05/12 14:45:19,  0, +152.6, +124.7, +137.5,  +26.5,  +25.0,BURNOUT,BURNOUT,BURNOUT,BURNOUT,BURNOUT,LLLLLLLLLL,LLLL
       228,2026/05/12 14:45:20,  0, +152.0, +124.2, +137.1,  +26.5,  +25.0,BURNOUT,BURNOUT,BURNOUT,BURNOUT,BURNOUT,LLLLLLLLLL,LLLL
       229,2026/05/12 14:45:21,  0, +151.6, +123.7, +136.7,  +26.5,  +25.0,BURNOUT,BURNOUT,BURNOUT,BURNOUT,BURNOUT,LLLLLLLLLL,LLLL
       230,2026/05/12 14:45:22,  0, +151.0, +123.3, +136.4,  +26.5,  +25.0,BURNOUT,BURNOUT,BURNOUT,BURNOUT,BURNOUT,LLLLLLLLLL,LLLL
       231,2026/05/12 14:45:23,  0, +150.5, +122.9, +136.1,  +26.5,  +25.0,BURNOUT,BURNOUT,BURNOUT,BURNOUT,BURNOUT,LLLLLLLLLL,LLLL
       232,2026/05/12 14:45:24,  0, +150.0, +122.4, +135.7,  +26.4,  +25.0,BURNOUT,BURNOUT,BURNOUT,BURNOUT,BURNOUT,LLLLLLLLLL,LLLL
       233,2026/05/12 14:45:25,  0, +149.5, +121.9, +135.4,  +26.5,  +25.0,BURNOUT,BURNOUT,BURNOUT,BURNOUT,BURNOUT,LLLLLLLLLL,LLLL
       234,2026/05/12 14:45:26,  0, +149.0, +121.5, +135.0,  +26.5,  +25.0,BURNOUT,BURNOUT,BURNOUT,BURNOUT,BURNOUT,LLLLLLLLLL,LLLL
       235,2026/05/12 14:45:27,  0, +148.5, +121.0, +134.7,  +26.4,  +25.0,BURNOUT,BURNOUT,BURNOUT,BURNOUT,BURNOUT,LLLLLLLLLL,LLLL
       236,2026/05/12 14:45:28,  0, +148.1, +120.5, +134.4,  +26.5,  +25.0,BURNOUT,BURNOUT,BURNOUT,BURNOUT,BURNOUT,LLLLLLLLLL,LLLL
       237,2026/05/12 14:45:29,  0, +147.5, +120.2, +134.1,  +26.5,  +25.0,BURNOUT,BURNOUT,BURNOUT,BURNOUT,BURNOUT,LLLLLLLLLL,LLLL
       238,2026/05/12 14:45:30,  0, +147.0, +119.7, +133.8,  +26.4,  +25.0,BURNOUT,BURNOUT,BURNOUT,BURNOUT,BURNOUT,LLLLLLLLLL,LLLL
       239,2026/05/12 14:45:31,  0, +146.5, +119.2, +133.4,  +26.4,  +25.0,BURNOUT,BURNOUT,BURNOUT,BURNOUT,BURNOUT,LLLLLLLLLL,LLLL
       240,2026/05/12 14:45:32,  0, +146.0, +118.8, +133.0,  +26.5,  +25.0,BURNOUT,BURNOUT,BURNOUT,BURNOUT,BURNOUT,LLLLLLLLLL,LLLL
       241,2026/05/12 14:45:33,  0, +145.6, +118.3, +132.7,  +26.4,  +25.0,BURNOUT,BURNOUT,BURNOUT,BURNOUT,BURNOUT,LLLLLLLLLL,LLLL
       242,2026/05/12 14:45:34,  0, +145.0, +117.9, +132.3,  +26.4,  +25.0,BURNOUT,BURNOUT,BURNOUT,BURNOUT,BURNOUT,LLLLLLLLLL,LLLL
       243,2026/05/12 14:45:35,  0, +144.6, +117.5, +132.1,  +26.4,  +25.0,BURNOUT,BURNOUT,BURNOUT,BURNOUT,BURNOUT,LLLLLLLLLL,LLLL
       244,2026/05/12 14:45:36,  0, +144.1, +117.0, +131.7,  +26.4,  +25.0,BURNOUT,BURNOUT,BURNOUT,BURNOUT,BURNOUT,LLLLLLLLLL,LLLL
       245,2026/05/12 14:45:37,  0, +143.6, +116.7, +131.4,  +26.4,  +25.0,BURNOUT,BURNOUT,BURNOUT,BURNOUT,BURNOUT,LLLLLLLLLL,LLLL
       246,2026/05/12 14:45:38,  0, +143.1, +116.2, +131.1,  +26.4,  +25.0,BURNOUT,BURNOUT,BURNOUT,BURNOUT,BURNOUT,LLLLLLLLLL,LLLL
       247,2026/05/12 14:45:39,  0, +142.5, +115.8, +130.8,  +26.4,  +25.0,BURNOUT,BURNOUT,BURNOUT,BURNOUT,BURNOUT,LLLLLLLLLL,LLLL
       248,2026/05/12 14:45:40,  0, +142.1, +115.4, +130.4,  +26.3,  +25.0,BURNOUT,BURNOUT,BURNOUT,BURNOUT,BURNOUT,LLLLLLLLLL,LLLL
       249,2026/05/12 14:45:41,  0, +141.5, +115.0, +130.1,  +26.3,  +25.0,BURNOUT,BURNOUT,BURNOUT,BURNOUT,BURNOUT,LLLLLLLLLL,LLLL
       250,2026/05/12 14:45:42,  0, +141.1, +114.5, +129.8,  +26.3,  +25.0,BURNOUT,BURNOUT,BURNOUT,BURNOUT,BURNOUT,LLLLLLLLLL,LLLL
       251,2026/05/12 14:45:43,  0, +140.6, +114.1, +129.5,  +26.4,  +25.0,BURNOUT,BURNOUT,BURNOUT,BURNOUT,BURNOUT,LLLLLLLLLL,LLLL
       252,2026/05/12 14:45:44,  0, +140.1, +113.7, +129.1,  +26.4,  +25.0,BURNOUT,BURNOUT,BURNOUT,BURNOUT,BURNOUT,LLLLLLLLLL,LLLL
       253,2026/05/12 14:45:45,  0, +139.6, +113.3, +128.8,  +26.3,  +25.0,BURNOUT,BURNOUT,BURNOUT,BURNOUT,BURNOUT,LLLLLLLLLL,LLLL
       254,2026/05/12 14:45:46,  0, +139.1, +112.9, +128.5,  +26.3,  +25.0,BURNOUT,BURNOUT,BURNOUT,BURNOUT,BURNOUT,LLLLLLLLLL,LLLL
       255,2026/05/12 14:45:47,  0, +138.6, +112.5, +128.1,  +26.3,  +25.0,BURNOUT,BURNOUT,BURNOUT,BURNOUT,BURNOUT,LLLLLLLLLL,LLLL
       256,2026/05/12 14:45:48,  0, +138.1, +112.1, +127.8,  +26.4,  +25.0,BURNOUT,BURNOUT,BURNOUT,BURNOUT,BURNOUT,LLLLLLLLLL,LLLL
       257,2026/05/12 14:45:49,  0, +137.6, +111.7, +127.5,  +26.3,  +25.0,BURNOUT,BURNOUT,BURNOUT,BURNOUT,BURNOUT,LLLLLLLLLL,LLLL
       258,2026/05/12 14:45:50,  0, +137.2, +111.3, +127.1,  +26.4,  +25.0,BURNOUT,BURNOUT,BURNOUT,BURNOUT,BURNOUT,LLLLLLLLLL,LLLL
       259,2026/05/12 14:45:51,  0, +136.7, +110.9, +126.8,  +26.3,  +25.0,BURNOUT,BURNOUT,BURNOUT,BURNOUT,BURNOUT,LLLLLLLLLL,LLLL
       260,2026/05/12 14:45:52,  0, +136.2, +110.5, +126.5,  +26.3,  +25.0,BURNOUT,BURNOUT,BURNOUT,BURNOUT,BURNOUT,LLLLLLLLLL,LLLL
       261,2026/05/12 14:45:53,  0, +135.7, +110.2, +126.1,  +26.3,  +25.0,BURNOUT,BURNOUT,BURNOUT,BURNOUT,BURNOUT,LLLLLLLLLL,LLLL
       262,2026/05/12 14:45:54,  0, +135.2, +109.8, +125.7,  +26.3,  +25.0,BURNOUT,BURNOUT,BURNOUT,BURNOUT,BURNOUT,LLLLLLLLLL,LLLL
       263,2026/05/12 14:45:55,  0, +134.8, +109.4, +125.4,  +26.3,  +25.0,BURNOUT,BURNOUT,BURNOUT,BURNOUT,BURNOUT,LLLLLLLLLL,LLLL
       264,2026/05/12 14:45:56,  0, +134.3, +109.0, +125.1,  +26.3,  +25.0,BURNOUT,BURNOUT,BURNOUT,BURNOUT,BURNOUT,LLLLLLLLLL,LLLL
       265,2026/05/12 14:45:57,  0, +133.8, +108.6, +124.8,  +26.3,  +25.0,BURNOUT,BURNOUT,BURNOUT,BURNOUT,BURNOUT,LLLLLLLLLL,LLLL
       266,2026/05/12 14:45:58,  0, +133.3, +108.1, +124.4,  +26.3,  +24.9,BURNOUT,BURNOUT,BURNOUT,BURNOUT,BURNOUT,LLLLLLLLLL,LLLL
       267,2026/05/12 14:45:59,  0, +132.8, +107.8, +124.0,  +26.3,  +24.9,BURNOUT,BURNOUT,BURNOUT,BURNOUT,BURNOUT,LLLLLLLLLL,LLLL
       268,2026/05/12 14:46:00,  0, +132.3, +107.4, +123.7,  +26.2,  +25.0,BURNOUT,BURNOUT,BURNOUT,BURNOUT,BURNOUT,LLLLLLLLLL,LLLL
       269,2026/05/12 14:46:01,  0, +131.9, +107.0, +123.3,  +26.2,  +24.9,BURNOUT,BURNOUT,BURNOUT,BURNOUT,BURNOUT,LLLLLLLLLL,LLLL
       270,2026/05/12 14:46:02,  0, +131.4, +106.7, +123.0,  +26.2,  +24.9,BURNOUT,BURNOUT,BURNOUT,BURNOUT,BURNOUT,LLLLLLLLLL,LLLL
       271,2026/05/12 14:46:03,  0, +130.9, +106.4, +122.7,  +26.3,  +25.0,BURNOUT,BURNOUT,BURNOUT,BURNOUT,BURNOUT,LLLLLLLLLL,LLLL
       272,2026/05/12 14:46:04,  0, +130.4, +106.0, +122.4,  +26.3,  +24.9,BURNOUT,BURNOUT,BURNOUT,BURNOUT,BURNOUT,LLLLLLLLLL,LLLL
       273,2026/05/12 14:46:05,  0, +130.0, +105.6, +122.0,  +26.2,  +24.9,BURNOUT,BURNOUT,BURNOUT,BURNOUT,BURNOUT,LLLLLLLLLL,LLLL
       274,2026/05/12 14:46:06,  0, +129.6, +105.3, +121.7,  +26.2,  +24.9,BURNOUT,BURNOUT,BURNOUT,BURNOUT,BURNOUT,LLLLLLLLLL,LLLL
       275,2026/05/12 14:46:07,  0, +129.0, +104.9, +121.3,  +26.2,  +25.0,BURNOUT,BURNOUT,BURNOUT,BURNOUT,BURNOUT,LLLLLLLLLL,LLLL
       276,2026/05/12 14:46:08,  0, +128.6, +104.5, +121.0,  +26.2,  +24.9,BURNOUT,BURNOUT,BURNOUT,BURNOUT,BURNOUT,LLLLLLLLLL,LLLL
       277,2026/05/12 14:46:09,  0, +128.1, +104.1, +120.7,  +26.3,  +25.0,BURNOUT,BURNOUT,BURNOUT,BURNOUT,BURNOUT,LLLLLLLLLL,LLLL
       278,2026/05/12 14:46:10,  0, +127.6, +103.9, +120.3,  +26.2,  +25.0,BURNOUT,BURNOUT,BURNOUT,BURNOUT,BURNOUT,LLLLLLLLLL,LLLL
       279,2026/05/12 14:46:11,  0, +127.1, +103.5, +120.0,  +26.2,  +24.9,BURNOUT,BURNOUT,BURNOUT,BURNOUT,BURNOUT,LLLLLLLLLL,LLLL
       280,2026/05/12 14:46:12,  0, +126.7, +103.2, +119.7,  +26.2,  +24.9,BURNOUT,BURNOUT,BURNOUT,BURNOUT,BURNOUT,LLLLLLLLLL,LLLL
       281,2026/05/12 14:46:13,  0, +126.2, +102.7, +119.4,  +26.2,  +25.0,BURNOUT,BURNOUT,BURNOUT,BURNOUT,BURNOUT,LLLLLLLLLL,LLLL
       282,2026/05/12 14:46:14,  0, +125.7, +102.4, +119.1,  +26.2,  +25.0,BURNOUT,BURNOUT,BURNOUT,BURNOUT,BURNOUT,LLLLLLLLLL,LLLL
       283,2026/05/12 14:46:15,  0, +125.3, +102.2, +118.7,  +26.2,  +25.0,BURNOUT,BURNOUT,BURNOUT,BURNOUT,BURNOUT,LLLLLLLLLL,LLLL
       284,2026/05/12 14:46:16,  0, +124.9, +101.9, +118.3,  +26.2,  +24.9,BURNOUT,BURNOUT,BURNOUT,BURNOUT,BURNOUT,LLLLLLLLLL,LLLL
       285,2026/05/12 14:46:17,  0, +124.4, +101.6, +118.1,  +26.2,  +24.9,BURNOUT,BURNOUT,BURNOUT,BURNOUT,BURNOUT,LLLLLLLLLL,LLLL
       286,2026/05/12 14:46:18,  0, +124.0, +101.3, +117.7,  +26.2,  +24.9,BURNOUT,BURNOUT,BURNOUT,BURNOUT,BURNOUT,LLLLLLLLLL,LLLL
       287,2026/05/12 14:46:19,  0, +123.5, +101.2, +117.4,  +26.2,  +24.9,BURNOUT,BURNOUT,BURNOUT,BURNOUT,BURNOUT,LLLLLLLLLL,LLLL
       288,2026/05/12 14:46:20,  0, +123.1, +101.0, +117.0,  +26.2,  +25.0,BURNOUT,BURNOUT,BURNOUT,BURNOUT,BURNOUT,LLLLLLLLLL,LLLL
       289,2026/05/12 14:46:21,  0, +122.7, +100.8, +116.7,  +26.2,  +25.0,BURNOUT,BURNOUT,BURNOUT,BURNOUT,BURNOUT,LLLLLLLLLL,LLLL
       290,2026/05/12 14:46:22,  0, +122.4, +100.8, +116.4,  +26.2,  +24.9,BURNOUT,BURNOUT,BURNOUT,BURNOUT,BURNOUT,LLLLLLLLLL,LLLL
       291,2026/05/12 14:46:23,  0, +122.1, +100.7, +116.1,  +26.2,  +25.0,BURNOUT,BURNOUT,BURNOUT,BURNOUT,BURNOUT,LLLLLLLLLL,LLLL
       292,2026/05/12 14:46:24,  0, +121.9, +100.5, +116.0,  +26.2,  +24.9,BURNOUT,BURNOUT,BURNOUT,BURNOUT,BURNOUT,LLLLLLLLLL,LLLL
       293,2026/05/12 14:46:25,  0, +121.6, +100.5, +115.9,  +26.2,  +24.9,BURNOUT,BURNOUT,BURNOUT,BURNOUT,BURNOUT,LLLLLLLLLL,LLLL
       294,2026/05/12 14:46:26,  0, +121.3, +100.4, +115.4,  +26.2,  +24.9,BURNOUT,BURNOUT,BURNOUT,BURNOUT,BURNOUT,LLLLLLLLLL,LLLL
       295,2026/05/12 14:46:27,  0, +121.1, +100.4, +115.0,  +26.2,  +25.0,BURNOUT,BURNOUT,BURNOUT,BURNOUT,BURNOUT,LLLLLLLLLL,LLLL
       296,2026/05/12 14:46:28,  0, +120.9, +100.3, +115.0,  +26.2,  +25.0,BURNOUT,BURNOUT,BURNOUT,BURNOUT,BURNOUT,LLLLLLLLLL,LLLL
       297,2026/05/12 14:46:29,  0, +120.7, +100.2, +114.5,  +26.2,  +24.9,BURNOUT,BURNOUT,BURNOUT,BURNOUT,BURNOUT,LLLLLLLLLL,LLLL
       298,2026/05/12 14:46:30,  0, +120.5, +100.1, +114.0,  +26.2,  +24.9,BURNOUT,BURNOUT,BURNOUT,BURNOUT,BURNOUT,LLLLLLLLLL,LLLL
       299,2026/05/12 14:46:31,  0, +120.3, +100.1, +113.6,  +26.2,  +25.0,BURNOUT,BURNOUT,BURNOUT,BURNOUT,BURNOUT,LLLLLLLLLL,LLLL
       300,2026/05/12 14:46:32,  0, +120.1,  +99.9, +113.3,  +26.2,  +25.0,BURNOUT,BURNOUT,BURNOUT,BURNOUT,BURNOUT,LLLLLLLLLL,LLLL
       301,2026/05/12 14:46:33,  0, +119.9,  +99.8, +113.0,  +26.2,  +25.0,BURNOUT,BURNOUT,BURNOUT,BURNOUT,BURNOUT,LLLLLLLLLL,LLLL
       302,2026/05/12 14:46:34,  0, +119.7,  +99.8, +112.7,  +26.2,  +25.0,BURNOUT,BURNOUT,BURNOUT,BURNOUT,BURNOUT,LLLLLLLLLL,LLLL
       303,2026/05/12 14:46:35,  0, +119.5,  +99.6, +112.4,  +26.2,  +25.0,BURNOUT,BURNOUT,BURNOUT,BURNOUT,BURNOUT,LLLLLLLLLL,LLLL
       304,2026/05/12 14:46:36,  0, +119.2,  +99.5, +112.1,  +26.2,  +24.9,BURNOUT,BURNOUT,BURNOUT,BURNOUT,BURNOUT,LLLLLLLLLL,LLLL
       305,2026/05/12 14:46:37,  0, +118.9,  +99.3, +111.8,  +26.2,  +24.9,BURNOUT,BURNOUT,BURNOUT,BURNOUT,BURNOUT,LLLLLLLLLL,LLLL
       306,2026/05/12 14:46:38,  0, +118.6,  +99.2, +111.5,  +26.2,  +25.0,BURNOUT,BURNOUT,BURNOUT,BURNOUT,BURNOUT,LLLLLLLLLL,LLLL
       307,2026/05/12 14:46:39,  0, +118.4,  +99.0, +111.2,  +26.2,  +25.0,BURNOUT,BURNOUT,BURNOUT,BURNOUT,BURNOUT,LLLLLLLLLL,LLLL
       308,2026/05/12 14:46:40,  0, +118.1,  +98.8, +110.8,  +26.2,  +25.0,BURNOUT,BURNOUT,BURNOUT,BURNOUT,BURNOUT,LLLLLLLLLL,LLLL
       309,2026/05/12 14:46:41,  0, +117.7,  +98.8, +110.5,  +26.2,  +25.0,BURNOUT,BURNOUT,BURNOUT,BURNOUT,BURNOUT,LLLLLLLLLL,LLLL
       310,2026/05/12 14:46:42,  0, +117.3,  +98.5, +110.2,  +26.2,  +25.0,BURNOUT,BURNOUT,BURNOUT,BURNOUT,BURNOUT,LLLLLLLLLL,LLLL
       311,2026/05/12 14:46:43,  0, +116.9,  +98.4, +109.9,  +26.2,  +25.0,BURNOUT,BURNOUT,BURNOUT,BURNOUT,BURNOUT,LLLLLLLLLL,LLLL
       312,2026/05/12 14:46:44,  0, +116.6,  +98.2, +109.6,  +26.2,  +25.0,BURNOUT,BURNOUT,BURNOUT,BURNOUT,BURNOUT,LLLLLLLLLL,LLLL
       313,2026/05/12 14:46:45,  0, +116.2,  +98.1, +109.3,  +26.2,  +25.0,BURNOUT,BURNOUT,BURNOUT,BURNOUT,BURNOUT,LLLLLLLLLL,LLLL
       314,2026/05/12 14:46:46,  0, +115.8,  +97.9, +109.0,  +26.2,  +25.0,BURNOUT,BURNOUT,BURNOUT,BURNOUT,BURNOUT,LLLLLLLLLL,LLLL
       315,2026/05/12 14:46:47,  0, +115.4,  +97.7, +108.8,  +26.2,  +25.0,BURNOUT,BURNOUT,BURNOUT,BURNOUT,BURNOUT,LLLLLLLLLL,LLLL
       316,2026/05/12 14:46:48,  0, +115.0,  +97.5, +108.4,  +26.1,  +25.0,BURNOUT,BURNOUT,BURNOUT,BURNOUT,BURNOUT,LLLLLLLLLL,LLLL
       317,2026/05/12 14:46:49,  0, +114.6,  +97.3, +108.1,  +26.1,  +25.0,BURNOUT,BURNOUT,BURNOUT,BURNOUT,BURNOUT,LLLLLLLLLL,LLLL
       318,2026/05/12 14:46:50,  0, +114.2,  +97.1, +107.9,  +26.2,  +25.0,BURNOUT,BURNOUT,BURNOUT,BURNOUT,BURNOUT,LLLLLLLLLL,LLLL
       319,2026/05/12 14:46:51,  0, +113.8,  +96.9, +107.6,  +26.1,  +25.0,BURNOUT,BURNOUT,BURNOUT,BURNOUT,BURNOUT,LLLLLLLLLL,LLLL
       320,2026/05/12 14:46:52,  0, +113.3,  +96.7, +107.3,  +26.2,  +25.0,BURNOUT,BURNOUT,BURNOUT,BURNOUT,BURNOUT,LLLLLLLLLL,LLLL
       321,2026/05/12 14:46:53,  0, +112.9,  +96.5, +107.0,  +26.1,  +25.0,BURNOUT,BURNOUT,BURNOUT,BURNOUT,BURNOUT,LLLLLLLLLL,LLLL
       322,2026/05/12 14:46:54,  0, +112.5,  +96.4, +106.7,  +26.1,  +25.0,BURNOUT,BURNOUT,BURNOUT,BURNOUT,BURNOUT,LLLLLLLLLL,LLLL
       323,2026/05/12 14:46:55,  0, +112.1,  +96.1, +106.4,  +26.1,  +25.0,BURNOUT,BURNOUT,BURNOUT,BURNOUT,BURNOUT,LLLLLLLLLL,LLLL
       324,2026/05/12 14:46:56,  0, +111.6,  +96.0, +106.2,  +26.1,  +25.0,BURNOUT,BURNOUT,BURNOUT,BURNOUT,BURNOUT,LLLLLLLLLL,LLLL
       325,2026/05/12 14:46:57,  0, +111.3,  +95.7, +105.9,  +26.1,  +25.0,BURNOUT,BURNOUT,BURNOUT,BURNOUT,BURNOUT,LLLLLLLLLL,LLLL
       326,2026/05/12 14:46:58,  0, +110.8,  +95.5, +105.6,  +26.1,  +25.0,BURNOUT,BURNOUT,BURNOUT,BURNOUT,BURNOUT,LLLLLLLLLL,LLLL
       327,2026/05/12 14:46:59,  0, +110.4,  +95.3, +105.3,  +26.2,  +25.0,BURNOUT,BURNOUT,BURNOUT,BURNOUT,BURNOUT,LLLLLLLLLL,LLLL
       328,2026/05/12 14:47:00,  0, +110.0,  +95.2, +105.0,  +26.1,  +25.0,BURNOUT,BURNOUT,BURNOUT,BURNOUT,BURNOUT,LLLLLLLLLL,LLLL
       329,2026/05/12 14:47:01,  0, +109.6,  +95.0, +104.8,  +26.1,  +25.0,BURNOUT,BURNOUT,BURNOUT,BURNOUT,BURNOUT,LLLLLLLLLL,LLLL
       330,2026/05/12 14:47:02,  0, +109.2,  +94.7, +104.5,  +26.1,  +25.0,BURNOUT,BURNOUT,BURNOUT,BURNOUT,BURNOUT,LLLLLLLLLL,LLLL
       331,2026/05/12 14:47:03,  0, +108.8,  +94.5, +104.2,  +26.1,  +25.0,BURNOUT,BURNOUT,BURNOUT,BURNOUT,BURNOUT,LLLLLLLLLL,LLLL
       332,2026/05/12 14:47:04,  0, +108.4,  +94.4, +103.9,  +26.1,  +25.0,BURNOUT,BURNOUT,BURNOUT,BURNOUT,BURNOUT,LLLLLLLLLL,LLLL
       333,2026/05/12 14:47:05,  0, +107.9,  +94.2, +103.7,  +26.1,  +25.0,BURNOUT,BURNOUT,BURNOUT,BURNOUT,BURNOUT,LLLLLLLLLL,LLLL
       334,2026/05/12 14:47:06,  0, +107.5,  +94.0, +103.4,  +26.1,  +25.0,BURNOUT,BURNOUT,BURNOUT,BURNOUT,BURNOUT,LLLLLLLLLL,LLLL
       335,2026/05/12 14:47:07,  0, +107.1,  +93.8, +103.2,  +26.1,  +25.0,BURNOUT,BURNOUT,BURNOUT,BURNOUT,BURNOUT,LLLLLLLLLL,LLLL
       336,2026/05/12 14:47:08,  0, +106.7,  +93.6, +102.8,  +26.1,  +25.0,BURNOUT,BURNOUT,BURNOUT,BURNOUT,BURNOUT,LLLLLLLLLL,LLLL
       337,2026/05/12 14:47:09,  0, +106.4,  +93.4, +102.6,  +26.1,  +25.0,BURNOUT,BURNOUT,BURNOUT,BURNOUT,BURNOUT,LLLLLLLLLL,LLLL
       338,2026/05/12 14:47:10,  0, +105.9,  +93.2, +102.3,  +26.1,  +25.0,BURNOUT,BURNOUT,BURNOUT,BURNOUT,BURNOUT,LLLLLLLLLL,LLLL
       339,2026/05/12 14:47:11,  0, +105.5,  +93.0, +102.1,  +26.1,  +25.0,BURNOUT,BURNOUT,BURNOUT,BURNOUT,BURNOUT,LLLLLLLLLL,LLLL
       340,2026/05/12 14:47:12,  0, +105.1,  +92.8, +101.8,  +26.1,  +25.0,BURNOUT,BURNOUT,BURNOUT,BURNOUT,BURNOUT,LLLLLLLLLL,LLLL
       341,2026/05/12 14:47:13,  0, +104.7,  +92.7, +101.5,  +26.1,  +25.0,BURNOUT,BURNOUT,BURNOUT,BURNOUT,BURNOUT,LLLLLLLLLL,LLLL
       342,2026/05/12 14:47:14,  0, +104.3,  +92.5, +101.3,  +26.1,  +25.0,BURNOUT,BURNOUT,BURNOUT,BURNOUT,BURNOUT,LLLLLLLLLL,LLLL
       343,2026/05/12 14:47:15,  0, +103.9,  +92.2, +101.0,  +26.1,  +25.0,BURNOUT,BURNOUT,BURNOUT,BURNOUT,BURNOUT,LLLLLLLLLL,LLLL
       344,2026/05/12 14:47:16,  0, +103.5,  +92.1, +100.7,  +26.1,  +25.0,BURNOUT,BURNOUT,BURNOUT,BURNOUT,BURNOUT,LLLLLLLLLL,LLLL
       345,2026/05/12 14:47:17,  0, +103.2,  +91.9, +100.5,  +26.1,  +25.0,BURNOUT,BURNOUT,BURNOUT,BURNOUT,BURNOUT,LLLLLLLLLL,LLLL
       346,2026/05/12 14:47:18,  0, +102.7,  +91.8, +100.2,  +26.1,  +25.0,BURNOUT,BURNOUT,BURNOUT,BURNOUT,BURNOUT,LLLLLLLLLL,LLLL
       347,2026/05/12 14:47:19,  0, +102.4,  +91.6,  +99.9,  +26.1,  +25.0,BURNOUT,BURNOUT,BURNOUT,BURNOUT,BURNOUT,LLLLLLLLLL,LLLL
       348,2026/05/12 14:47:20,  0, +101.9,  +91.5,  +99.7,  +26.1,  +25.0,BURNOUT,BURNOUT,BURNOUT,BURNOUT,BURNOUT,LLLLLLLLLL,LLLL
       349,2026/05/12 14:47:21,  0, +101.6,  +91.2,  +99.4,  +26.1,  +25.0,BURNOUT,BURNOUT,BURNOUT,BURNOUT,BURNOUT,LLLLLLLLLL,LLLL
       350,2026/05/12 14:47:22,  0, +101.2,  +91.1,  +99.2,  +26.1,  +25.0,BURNOUT,BURNOUT,BURNOUT,BURNOUT,BURNOUT,LLLLLLLLLL,LLLL
       351,2026/05/12 14:47:23,  0, +100.8,  +90.9,  +98.9,  +26.1,  +25.0,BURNOUT,BURNOUT,BURNOUT,BURNOUT,BURNOUT,LLLLLLLLLL,LLLL
       352,2026/05/12 14:47:24,  0, +100.5,  +90.8,  +98.7,  +26.1,  +25.0,BURNOUT,BURNOUT,BURNOUT,BURNOUT,BURNOUT,LLLLLLLLLL,LLLL
       353,2026/05/12 14:47:25,  0, +100.1,  +90.5,  +98.4,  +26.1,  +25.0,BURNOUT,BURNOUT,BURNOUT,BURNOUT,BURNOUT,LLLLLLLLLL,LLLL
       354,2026/05/12 14:47:26,  0,  +99.8,  +90.5,  +98.1,  +26.0,  +25.0,BURNOUT,BURNOUT,BURNOUT,BURNOUT,BURNOUT,LLLLLLLLLL,LLLL
       355,2026/05/12 14:47:27,  0,  +99.3,  +90.2,  +97.9,  +26.0,  +25.0,BURNOUT,BURNOUT,BURNOUT,BURNOUT,BURNOUT,LLLLLLLLLL,LLLL
       356,2026/05/12 14:47:28,  0,  +99.0,  +90.2,  +97.6,  +26.0,  +25.0,BURNOUT,BURNOUT,BURNOUT,BURNOUT,BURNOUT,LLLLLLLLLL,LLLL
       357,2026/05/12 14:47:29,  0,  +98.6,  +89.9,  +97.4,  +26.1,  +25.0,BURNOUT,BURNOUT,BURNOUT,BURNOUT,BURNOUT,LLLLLLLLLL,LLLL
       358,2026/05/12 14:47:30,  0,  +98.2,  +89.8,  +97.1,  +26.1,  +25.0,BURNOUT,BURNOUT,BURNOUT,BURNOUT,BURNOUT,LLLLLLLLLL,LLLL
       359,2026/05/12 14:47:31,  0,  +97.9,  +89.6,  +96.9,  +26.1,  +25.0,BURNOUT,BURNOUT,BURNOUT,BURNOUT,BURNOUT,LLLLLLLLLL,LLLL
       360,2026/05/12 14:47:32,  0,  +97.5,  +89.4,  +96.7,  +26.1,  +25.0,BURNOUT,BURNOUT,BURNOUT,BURNOUT,BURNOUT,LLLLLLLLLL,LLLL
       361,2026/05/12 14:47:33,  0,  +97.2,  +89.2,  +96.4,  +26.1,  +25.0,BURNOUT,BURNOUT,BURNOUT,BURNOUT,BURNOUT,LLLLLLLLLL,LLLL
       362,2026/05/12 14:47:34,  0,  +96.8,  +89.1,  +96.2,  +26.1,  +25.0,BURNOUT,BURNOUT,BURNOUT,BURNOUT,BURNOUT,LLLLLLLLLL,LLLL
       363,2026/05/12 14:47:35,  0,  +96.4,  +88.8,  +95.9,  +26.0,  +25.0,BURNOUT,BURNOUT,BURNOUT,BURNOUT,BURNOUT,LLLLLLLLLL,LLLL
       364,2026/05/12 14:47:36,  0,  +96.1,  +88.7,  +95.7,  +26.1,  +25.0,BURNOUT,BURNOUT,BURNOUT,BURNOUT,BURNOUT,LLLLLLLLLL,LLLL
       365,2026/05/12 14:47:37,  0,  +95.7,  +88.5,  +95.3,  +26.0,  +25.0,BURNOUT,BURNOUT,BURNOUT,BURNOUT,BURNOUT,LLLLLLLLLL,LLLL
       366,2026/05/12 14:47:38,  0,  +95.3,  +88.4,  +95.2,  +26.0,  +25.0,BURNOUT,BURNOUT,BURNOUT,BURNOUT,BURNOUT,LLLLLLLLLL,LLLL
       367,2026/05/12 14:47:39,  0,  +95.0,  +88.2,  +94.9,  +26.1,  +25.0,BURNOUT,BURNOUT,BURNOUT,BURNOUT,BURNOUT,LLLLLLLLLL,LLLL
       368,2026/05/12 14:47:40,  0,  +94.7,  +88.0,  +94.7,  +26.0,  +25.0,BURNOUT,BURNOUT,BURNOUT,BURNOUT,BURNOUT,LLLLLLLLLL,LLLL
       369,2026/05/12 14:47:41,  0,  +94.3,  +87.8,  +94.4,  +26.0,  +25.0,BURNOUT,BURNOUT,BURNOUT,BURNOUT,BURNOUT,LLLLLLLLLL,LLLL
       370,2026/05/12 14:47:42,  0,  +94.0,  +87.7,  +94.1,  +26.1,  +25.0,BURNOUT,BURNOUT,BURNOUT,BURNOUT,BURNOUT,LLLLLLLLLL,LLLL
       371,2026/05/12 14:47:43,  0,  +93.6,  +87.5,  +93.9,  +26.0,  +25.0,BURNOUT,BURNOUT,BURNOUT,BURNOUT,BURNOUT,LLLLLLLLLL,LLLL
       372,2026/05/12 14:47:44,  0,  +93.3,  +87.4,  +93.6,  +26.1,  +25.0,BURNOUT,BURNOUT,BURNOUT,BURNOUT,BURNOUT,LLLLLLLLLL,LLLL
       373,2026/05/12 14:47:45,  0,  +93.0,  +87.2,  +93.4,  +26.0,  +25.0,BURNOUT,BURNOUT,BURNOUT,BURNOUT,BURNOUT,LLLLLLLLLL,LLLL
       374,2026/05/12 14:47:46,  0,  +92.7,  +87.0,  +93.2,  +26.0,  +25.0,BURNOUT,BURNOUT,BURNOUT,BURNOUT,BURNOUT,LLLLLLLLLL,LLLL
       375,2026/05/12 14:47:47,  0,  +92.2,  +86.9,  +93.0,  +26.1,  +25.0,BURNOUT,BURNOUT,BURNOUT,BURNOUT,BURNOUT,LLLLLLLLLL,LLLL
       376,2026/05/12 14:47:48,  0,  +91.9,  +86.7,  +92.7,  +26.0,  +25.0,BURNOUT,BURNOUT,BURNOUT,BURNOUT,BURNOUT,LLLLLLLLLL,LLLL
       377,2026/05/12 14:47:49,  0,  +91.6,  +86.6,  +92.4,  +26.0,  +25.0,BURNOUT,BURNOUT,BURNOUT,BURNOUT,BURNOUT,LLLLLLLLLL,LLLL
       378,2026/05/12 14:47:50,  0,  +91.3,  +86.4,  +92.2,  +26.0,  +25.0,BURNOUT,BURNOUT,BURNOUT,BURNOUT,BURNOUT,LLLLLLLLLL,LLLL
       379,2026/05/12 14:47:51,  0,  +91.0,  +86.3,  +92.0,  +26.0,  +25.0,BURNOUT,BURNOUT,BURNOUT,BURNOUT,BURNOUT,LLLLLLLLLL,LLLL
       380,2026/05/12 14:47:52,  0,  +90.7,  +86.1,  +91.7,  +26.0,  +25.0,BURNOUT,BURNOUT,BURNOUT,BURNOUT,BURNOUT,LLLLLLLLLL,LLLL
       381,2026/05/12 14:47:53,  0,  +90.4,  +85.9,  +91.5,  +26.1,  +25.0,BURNOUT,BURNOUT,BURNOUT,BURNOUT,BURNOUT,LLLLLLLLLL,LLLL
       382,2026/05/12 14:47:54,  0,  +90.0,  +85.8,  +91.3,  +26.1,  +25.0,BURNOUT,BURNOUT,BURNOUT,BURNOUT,BURNOUT,LLLLLLLLLL,LLLL
       383,2026/05/12 14:47:55,  0,  +89.8,  +85.6,  +91.0,  +26.0,  +25.0,BURNOUT,BURNOUT,BURNOUT,BURNOUT,BURNOUT,LLLLLLLLLL,LLLL
       384,2026/05/12 14:47:56,  0,  +89.4,  +85.5,  +90.8,  +26.0,  +25.0,BURNOUT,BURNOUT,BURNOUT,BURNOUT,BURNOUT,LLLLLLLLLL,LLLL
       385,2026/05/12 14:47:57,  0,  +89.1,  +85.3,  +90.5,  +26.0,  +25.0,BURNOUT,BURNOUT,BURNOUT,BURNOUT,BURNOUT,LLLLLLLLLL,LLLL
       386,2026/05/12 14:47:58,  0,  +88.8,  +85.2,  +90.3,  +26.1,  +25.0,BURNOUT,BURNOUT,BURNOUT,BURNOUT,BURNOUT,LLLLLLLLLL,LLLL
       387,2026/05/12 14:47:59,  0,  +88.5,  +85.0,  +90.1,  +26.0,  +25.0,BURNOUT,BURNOUT,BURNOUT,BURNOUT,BURNOUT,LLLLLLLLLL,LLLL
       388,2026/05/12 14:48:00,  0,  +88.1,  +84.9,  +89.8,  +26.0,  +25.0,BURNOUT,BURNOUT,BURNOUT,BURNOUT,BURNOUT,LLLLLLLLLL,LLLL
       389,2026/05/12 14:48:01,  0,  +87.8,  +84.7,  +89.6,  +26.0,  +25.0,BURNOUT,BURNOUT,BURNOUT,BURNOUT,BURNOUT,LLLLLLLLLL,LLLL
       390,2026/05/12 14:48:02,  0,  +87.5,  +84.6,  +89.4,  +26.0,  +25.0,BURNOUT,BURNOUT,BURNOUT,BURNOUT,BURNOUT,LLLLLLLLLL,LLLL
       391,2026/05/12 14:48:03,  0,  +87.2,  +84.4,  +89.2,  +26.0,  +25.1,BURNOUT,BURNOUT,BURNOUT,BURNOUT,BURNOUT,LLLLLLLLLL,LLLL
       392,2026/05/12 14:48:04,  0,  +86.9,  +84.3,  +89.0,  +26.0,  +25.0,BURNOUT,BURNOUT,BURNOUT,BURNOUT,BURNOUT,LLLLLLLLLL,LLLL
       393,2026/05/12 14:48:05,  0,  +86.6,  +84.2,  +88.8,  +26.0,  +25.0,BURNOUT,BURNOUT,BURNOUT,BURNOUT,BURNOUT,LLLLLLLLLL,LLLL
       394,2026/05/12 14:48:06,  0,  +86.3,  +84.0,  +88.5,  +26.0,  +25.0,BURNOUT,BURNOUT,BURNOUT,BURNOUT,BURNOUT,LLLLLLLLLL,LLLL
       395,2026/05/12 14:48:07,  0,  +86.0,  +83.9,  +88.4,  +26.0,  +25.0,BURNOUT,BURNOUT,BURNOUT,BURNOUT,BURNOUT,LLLLLLLLLL,LLLL
       396,2026/05/12 14:48:08,  0,  +85.7,  +83.7,  +88.1,  +26.0,  +25.1,BURNOUT,BURNOUT,BURNOUT,BURNOUT,BURNOUT,LLLLLLLLLL,LLLL
       397,2026/05/12 14:48:09,  0,  +85.5,  +83.6,  +87.9,  +26.0,  +25.0,BURNOUT,BURNOUT,BURNOUT,BURNOUT,BURNOUT,LLLLLLLLLL,LLLL
       398,2026/05/12 14:48:10,  0,  +85.2,  +83.4,  +87.7,  +26.0,  +25.0,BURNOUT,BURNOUT,BURNOUT,BURNOUT,BURNOUT,LLLLLLLLLL,LLLL
       399,2026/05/12 14:48:11,  0,  +84.9,  +83.3,  +87.5,  +26.0,  +25.0,BURNOUT,BURNOUT,BURNOUT,BURNOUT,BURNOUT,LLLLLLLLLL,LLLL
       400,2026/05/12 14:48:12,  0,  +84.6,  +83.2,  +87.3,  +26.0,  +25.0,BURNOUT,BURNOUT,BURNOUT,BURNOUT,BURNOUT,LLLLLLLLLL,LLLL
       401,2026/05/12 14:48:13,  0,  +84.3,  +83.0,  +87.1,  +26.0,  +25.0,BURNOUT,BURNOUT,BURNOUT,BURNOUT,BURNOUT,LLLLLLLLLL,LLLL
       402,2026/05/12 14:48:14,  0,  +84.0,  +82.9,  +86.8,  +26.0,  +25.1,BURNOUT,BURNOUT,BURNOUT,BURNOUT,BURNOUT,LLLLLLLLLL,LLLL
       403,2026/05/12 14:48:15,  0,  +83.7,  +82.8,  +86.7,  +26.0,  +25.0,BURNOUT,BURNOUT,BURNOUT,BURNOUT,BURNOUT,LLLLLLLLLL,LLLL
       404,2026/05/12 14:48:16,  0,  +83.5,  +82.6,  +86.4,  +26.0,  +25.0,BURNOUT,BURNOUT,BURNOUT,BURNOUT,BURNOUT,LLLLLLLLLL,LLLL
       405,2026/05/12 14:48:17,  0,  +83.2,  +82.4,  +86.2,  +26.0,  +25.0,BURNOUT,BURNOUT,BURNOUT,BURNOUT,BURNOUT,LLLLLLLLLL,LLLL
       406,2026/05/12 14:48:18,  0,  +82.9,  +82.3,  +86.0,  +26.0,  +25.0,BURNOUT,BURNOUT,BURNOUT,BURNOUT,BURNOUT,LLLLLLLLLL,LLLL
       407,2026/05/12 14:48:19,  0,  +82.6,  +82.2,  +85.8,  +26.0,  +25.1,BURNOUT,BURNOUT,BURNOUT,BURNOUT,BURNOUT,LLLLLLLLLL,LLLL
       408,2026/05/12 14:48:20,  0,  +82.3,  +82.0,  +85.6,  +26.0,  +25.0,BURNOUT,BURNOUT,BURNOUT,BURNOUT,BURNOUT,LLLLLLLLLL,LLLL
       409,2026/05/12 14:48:21,  0,  +82.1,  +82.0,  +85.4,  +26.0,  +25.0,BURNOUT,BURNOUT,BURNOUT,BURNOUT,BURNOUT,LLLLLLLLLL,LLLL
       410,2026/05/12 14:48:22,  0,  +81.8,  +81.8,  +85.2,  +26.0,  +25.0,BURNOUT,BURNOUT,BURNOUT,BURNOUT,BURNOUT,LLLLLLLLLL,LLLL
       411,2026/05/12 14:48:23,  0,  +81.6,  +81.6,  +85.0,  +26.0,  +25.0,BURNOUT,BURNOUT,BURNOUT,BURNOUT,BURNOUT,LLLLLLLLLL,LLLL
       412,2026/05/12 14:48:24,  0,  +81.3,  +81.5,  +84.7,  +26.0,  +25.0,BURNOUT,BURNOUT,BURNOUT,BURNOUT,BURNOUT,LLLLLLLLLL,LLLL
       413,2026/05/12 14:48:25,  0,  +81.1,  +81.4,  +84.6,  +26.0,  +25.0,BURNOUT,BURNOUT,BURNOUT,BURNOUT,BURNOUT,LLLLLLLLLL,LLLL
       414,2026/05/12 14:48:26,  0,  +80.8,  +81.2,  +84.3,  +26.0,  +25.0,BURNOUT,BURNOUT,BURNOUT,BURNOUT,BURNOUT,LLLLLLLLLL,LLLL
       415,2026/05/12 14:48:27,  0,  +80.5,  +81.1,  +84.1,  +26.0,  +25.0,BURNOUT,BURNOUT,BURNOUT,BURNOUT,BURNOUT,LLLLLLLLLL,LLLL
       416,2026/05/12 14:48:28,  0,  +80.2,  +80.9,  +83.9,  +26.0,  +25.0,BURNOUT,BURNOUT,BURNOUT,BURNOUT,BURNOUT,LLLLLLLLLL,LLLL
       417,2026/05/12 14:48:29,  0,  +80.0,  +80.9,  +83.7,  +25.9,  +25.0,BURNOUT,BURNOUT,BURNOUT,BURNOUT,BURNOUT,LLLLLLLLLL,LLLL
       418,2026/05/12 14:48:30,  0,  +79.7,  +80.8,  +83.5,  +26.0,  +25.0,BURNOUT,BURNOUT,BURNOUT,BURNOUT,BURNOUT,LLLLLLLLLL,LLLL
       419,2026/05/12 14:48:31,  0,  +79.6,  +80.6,  +83.3,  +26.0,  +25.0,BURNOUT,BURNOUT,BURNOUT,BURNOUT,BURNOUT,LLLLLLLLLL,LLLL
       420,2026/05/12 14:48:32,  0,  +79.2,  +80.5,  +83.1,  +26.0,  +25.0,BURNOUT,BURNOUT,BURNOUT,BURNOUT,BURNOUT,LLLLLLLLLL,LLLL
       421,2026/05/12 14:48:33,  0,  +78.9,  +80.3,  +82.9,  +25.9,  +25.0,BURNOUT,BURNOUT,BURNOUT,BURNOUT,BURNOUT,LLLLLLLLLL,LLLL
       422,2026/05/12 14:48:34,  0,  +78.8,  +80.2,  +82.7,  +26.0,  +25.0,BURNOUT,BURNOUT,BURNOUT,BURNOUT,BURNOUT,LLLLLLLLLL,LLLL
       423,2026/05/12 14:48:35,  0,  +78.5,  +80.1,  +82.5,  +26.0,  +25.0,BURNOUT,BURNOUT,BURNOUT,BURNOUT,BURNOUT,LLLLLLLLLL,LLLL
       424,2026/05/12 14:48:36,  0,  +78.2,  +80.0,  +82.3,  +26.0,  +25.0,BURNOUT,BURNOUT,BURNOUT,BURNOUT,BURNOUT,LLLLLLLLLL,LLLL
       425,2026/05/12 14:48:37,  0,  +78.0,  +79.9,  +82.1,  +26.0,  +25.0,BURNOUT,BURNOUT,BURNOUT,BURNOUT,BURNOUT,LLLLLLLLLL,LLLL
       426,2026/05/12 14:48:38,  0,  +77.7,  +79.7,  +82.0,  +26.0,  +25.0,BURNOUT,BURNOUT,BURNOUT,BURNOUT,BURNOUT,LLLLLLLLLL,LLLL
       427,2026/05/12 14:48:39,  0,  +77.5,  +79.6,  +81.7,  +26.0,  +25.0,BURNOUT,BURNOUT,BURNOUT,BURNOUT,BURNOUT,LLLLLLLLLL,LLLL
       428,2026/05/12 14:48:40,  0,  +77.3,  +79.5,  +81.5,  +26.0,  +25.0,BURNOUT,BURNOUT,BURNOUT,BURNOUT,BURNOUT,LLLLLLLLLL,LLLL
       429,2026/05/12 14:48:41,  0,  +77.0,  +79.3,  +81.4,  +26.0,  +25.0,BURNOUT,BURNOUT,BURNOUT,BURNOUT,BURNOUT,LLLLLLLLLL,LLLL
       430,2026/05/12 14:48:42,  0,  +76.8,  +79.2,  +81.1,  +26.0,  +25.0,BURNOUT,BURNOUT,BURNOUT,BURNOUT,BURNOUT,LLLLLLLLLL,LLLL
       431,2026/05/12 14:48:43,  0,  +76.5,  +79.1,  +80.9,  +26.0,  +25.0,BURNOUT,BURNOUT,BURNOUT,BURNOUT,BURNOUT,LLLLLLLLLL,LLLL
       432,2026/05/12 14:48:44,  0,  +76.3,  +78.9,  +80.7,  +26.0,  +25.0,BURNOUT,BURNOUT,BURNOUT,BURNOUT,BURNOUT,LLLLLLLLLL,LLLL
       433,2026/05/12 14:48:45,  0,  +76.1,  +78.9,  +80.6,  +26.0,  +25.0,BURNOUT,BURNOUT,BURNOUT,BURNOUT,BURNOUT,LLLLLLLLLL,LLLL
       434,2026/05/12 14:48:46,  0,  +75.8,  +78.7,  +80.3,  +26.0,  +25.1,BURNOUT,BURNOUT,BURNOUT,BURNOUT,BURNOUT,LLLLLLLLLL,LLLL
       435,2026/05/12 14:48:47,  0,  +75.6,  +78.6,  +80.2,  +26.0,  +25.0,BURNOUT,BURNOUT,BURNOUT,BURNOUT,BURNOUT,LLLLLLLLLL,LLLL
       436,2026/05/12 14:48:48,  0,  +75.4,  +78.5,  +80.0,  +26.0,  +25.0,BURNOUT,BURNOUT,BURNOUT,BURNOUT,BURNOUT,LLLLLLLLLL,LLLL
       437,2026/05/12 14:48:49,  0,  +75.1,  +78.3,  +79.7,  +26.0,  +25.0,BURNOUT,BURNOUT,BURNOUT,BURNOUT,BURNOUT,LLLLLLLLLL,LLLL
       438,2026/05/12 14:48:50,  0,  +74.8,  +78.2,  +79.6,  +26.0,  +25.0,BURNOUT,BURNOUT,BURNOUT,BURNOUT,BURNOUT,LLLLLLLLLL,LLLL
       439,2026/05/12 14:48:51,  0,  +74.7,  +78.1,  +79.4,  +26.0,  +25.0,BURNOUT,BURNOUT,BURNOUT,BURNOUT,BURNOUT,LLLLLLLLLL,LLLL
       440,2026/05/12 14:48:52,  0,  +74.4,  +78.0,  +79.2,  +26.0,  +25.0,BURNOUT,BURNOUT,BURNOUT,BURNOUT,BURNOUT,LLLLLLLLLL,LLLL
       441,2026/05/12 14:48:53,  0,  +74.2,  +77.9,  +78.9,  +26.0,  +25.0,BURNOUT,BURNOUT,BURNOUT,BURNOUT,BURNOUT,LLLLLLLLLL,LLLL
       442,2026/05/12 14:48:54,  0,  +74.0,  +77.7,  +78.8,  +26.0,  +25.0,BURNOUT,BURNOUT,BURNOUT,BURNOUT,BURNOUT,LLLLLLLLLL,LLLL
       443,2026/05/12 14:48:55,  0,  +73.7,  +77.6,  +78.6,  +25.9,  +25.0,BURNOUT,BURNOUT,BURNOUT,BURNOUT,BURNOUT,LLLLLLLLLL,LLLL
       444,2026/05/12 14:48:56,  0,  +73.5,  +77.5,  +78.3,  +25.9,  +25.0,BURNOUT,BURNOUT,BURNOUT,BURNOUT,BURNOUT,LLLLLLLLLL,LLLL
       445,2026/05/12 14:48:57,  0,  +73.3,  +77.4,  +78.2,  +26.0,  +25.0,BURNOUT,BURNOUT,BURNOUT,BURNOUT,BURNOUT,LLLLLLLLLL,LLLL
       446,2026/05/12 14:48:58,  0,  +73.0,  +77.3,  +78.0,  +25.9,  +25.0,BURNOUT,BURNOUT,BURNOUT,BURNOUT,BURNOUT,LLLLLLLLLL,LLLL
       447,2026/05/12 14:48:59,  0,  +72.9,  +77.1,  +77.8,  +26.0,  +25.0,BURNOUT,BURNOUT,BURNOUT,BURNOUT,BURNOUT,LLLLLLLLLL,LLLL
       448,2026/05/12 14:49:00,  0,  +72.7,  +77.1,  +77.6,  +26.0,  +25.0,BURNOUT,BURNOUT,BURNOUT,BURNOUT,BURNOUT,LLLLLLLLLL,LLLL
       449,2026/05/12 14:49:01,  0,  +72.4,  +77.0,  +77.4,  +26.0,  +25.0,BURNOUT,BURNOUT,BURNOUT,BURNOUT,BURNOUT,LLLLLLLLLL,LLLL
       450,2026/05/12 14:49:02,  0,  +72.3,  +76.8,  +77.2,  +25.9,  +25.0,BURNOUT,BURNOUT,BURNOUT,BURNOUT,BURNOUT,LLLLLLLLLL,LLLL
       451,2026/05/12 14:49:03,  0,  +72.0,  +76.8,  +77.1,  +25.9,  +25.0,BURNOUT,BURNOUT,BURNOUT,BURNOUT,BURNOUT,LLLLLLLLLL,LLLL
       452,2026/05/12 14:49:04,  0,  +71.8,  +76.6,  +76.9,  +25.9,  +25.0,BURNOUT,BURNOUT,BURNOUT,BURNOUT,BURNOUT,LLLLLLLLLL,LLLL
       453,2026/05/12 14:49:05,  0,  +71.6,  +76.5,  +76.7,  +26.0,  +25.0,BURNOUT,BURNOUT,BURNOUT,BURNOUT,BURNOUT,LLLLLLLLLL,LLLL
       454,2026/05/12 14:49:06,  0,  +71.3,  +76.4,  +76.5,  +25.9,  +25.0,BURNOUT,BURNOUT,BURNOUT,BURNOUT,BURNOUT,LLLLLLLLLL,LLLL
       455,2026/05/12 14:49:07,  0,  +71.1,  +76.3,  +76.2,  +26.0,  +25.0,BURNOUT,BURNOUT,BURNOUT,BURNOUT,BURNOUT,LLLLLLLLLL,LLLL
       456,2026/05/12 14:49:08,  0,  +70.9,  +76.2,  +76.1,  +25.9,  +25.0,BURNOUT,BURNOUT,BURNOUT,BURNOUT,BURNOUT,LLLLLLLLLL,LLLL
       457,2026/05/12 14:49:09,  0,  +70.7,  +76.1,  +75.9,  +25.9,  +25.0,BURNOUT,BURNOUT,BURNOUT,BURNOUT,BURNOUT,LLLLLLLLLL,LLLL
       458,2026/05/12 14:49:10,  0,  +70.6,  +76.0,  +75.6,  +25.9,  +25.0,BURNOUT,BURNOUT,BURNOUT,BURNOUT,BURNOUT,LLLLLLLLLL,LLLL
       459,2026/05/12 14:49:11,  0,  +70.3,  +75.9,  +75.5,  +26.0,  +25.0,BURNOUT,BURNOUT,BURNOUT,BURNOUT,BURNOUT,LLLLLLLLLL,LLLL
       460,2026/05/12 14:49:12,  0,  +70.1,  +75.9,  +75.3,  +26.0,  +25.0,BURNOUT,BURNOUT,BURNOUT,BURNOUT,BURNOUT,LLLLLLLLLL,LLLL
       461,2026/05/12 14:49:13,  0,  +70.0,  +75.8,  +75.1,  +25.9,  +25.0,BURNOUT,BURNOUT,BURNOUT,BURNOUT,BURNOUT,LLLLLLLLLL,LLLL
       462,2026/05/12 14:49:14,  0,  +69.8,  +75.6,  +75.0,  +25.9,  +25.0,BURNOUT,BURNOUT,BURNOUT,BURNOUT,BURNOUT,LLLLLLLLLL,LLLL
       463,2026/05/12 14:49:15,  0,  +69.6,  +75.6,  +74.8,  +25.9,  +25.0,BURNOUT,BURNOUT,BURNOUT,BURNOUT,BURNOUT,LLLLLLLLLL,LLLL
       464,2026/05/12 14:49:16,  0,  +69.4,  +75.5,  +74.5,  +26.0,  +25.0,BURNOUT,BURNOUT,BURNOUT,BURNOUT,BURNOUT,LLLLLLLLLL,LLLL
       465,2026/05/12 14:49:17,  0,  +69.2,  +75.4,  +74.4,  +26.0,  +25.0,BURNOUT,BURNOUT,BURNOUT,BURNOUT,BURNOUT,LLLLLLLLLL,LLLL
       466,2026/05/12 14:49:18,  0,  +69.0,  +75.3,  +74.2,  +25.9,  +25.0,BURNOUT,BURNOUT,BURNOUT,BURNOUT,BURNOUT,LLLLLLLLLL,LLLL
       467,2026/05/12 14:49:19,  0,  +68.8,  +75.2,  +74.0,  +26.0,  +25.0,BURNOUT,BURNOUT,BURNOUT,BURNOUT,BURNOUT,LLLLLLLLLL,LLLL
       468,2026/05/12 14:49:20,  0,  +68.6,  +75.1,  +73.8,  +25.9,  +25.0,BURNOUT,BURNOUT,BURNOUT,BURNOUT,BURNOUT,LLLLLLLLLL,LLLL
       469,2026/05/12 14:49:21,  0,  +68.5,  +75.1,  +73.7,  +26.0,  +25.0,BURNOUT,BURNOUT,BURNOUT,BURNOUT,BURNOUT,LLLLLLLLLL,LLLL
       470,2026/05/12 14:49:22,  0,  +68.3,  +75.0,  +73.5,  +25.9,  +25.0,BURNOUT,BURNOUT,BURNOUT,BURNOUT,BURNOUT,LLLLLLLLLL,LLLL
       471,2026/05/12 14:49:23,  0,  +68.0,  +74.9,  +73.3,  +25.9,  +25.0,BURNOUT,BURNOUT,BURNOUT,BURNOUT,BURNOUT,LLLLLLLLLL,LLLL
       472,2026/05/12 14:49:24,  0,  +67.8,  +74.8,  +73.2,  +26.0,  +25.0,BURNOUT,BURNOUT,BURNOUT,BURNOUT,BURNOUT,LLLLLLLLLL,LLLL
       473,2026/05/12 14:49:25,  0,  +67.7,  +74.8,  +73.0,  +25.9,  +25.0,BURNOUT,BURNOUT,BURNOUT,BURNOUT,BURNOUT,LLLLLLLLLL,LLLL
       474,2026/05/12 14:49:26,  0,  +67.5,  +74.8,  +72.9,  +25.9,  +25.0,BURNOUT,BURNOUT,BURNOUT,BURNOUT,BURNOUT,LLLLLLLLLL,LLLL
       475,2026/05/12 14:49:27,  0,  +67.2,  +74.8,  +72.7,  +25.9,  +25.0,BURNOUT,BURNOUT,BURNOUT,BURNOUT,BURNOUT,LLLLLLLLLL,LLLL
       476,2026/05/12 14:49:28,  0,  +67.1,  +74.8,  +72.4,  +25.9,  +25.0,BURNOUT,BURNOUT,BURNOUT,BURNOUT,BURNOUT,LLLLLLLLLL,LLLL
       477,2026/05/12 14:49:29,  0,  +66.9,  +74.7,  +72.4,  +25.9,  +25.0,BURNOUT,BURNOUT,BURNOUT,BURNOUT,BURNOUT,LLLLLLLLLL,LLLL
       478,2026/05/12 14:49:30,  0,  +66.8,  +74.8,  +72.1,  +26.0,  +25.0,BURNOUT,BURNOUT,BURNOUT,BURNOUT,BURNOUT,LLLLLLLLLL,LLLL
       479,2026/05/12 14:49:31,  0,  +66.6,  +74.8,  +72.0,  +25.9,  +25.0,BURNOUT,BURNOUT,BURNOUT,BURNOUT,BURNOUT,LLLLLLLLLL,LLLL
       480,2026/05/12 14:49:32,  0,  +66.3,  +74.8,  +71.9,  +25.9,  +25.0,BURNOUT,BURNOUT,BURNOUT,BURNOUT,BURNOUT,LLLLLLLLLL,LLLL
       481,2026/05/12 14:49:33,  0,  +66.2,  +74.8,  +71.7,  +25.9,  +25.0,BURNOUT,BURNOUT,BURNOUT,BURNOUT,BURNOUT,LLLLLLLLLL,LLLL
       482,2026/05/12 14:49:34,  0,  +66.0,  +74.8,  +71.5,  +25.9,  +25.0,BURNOUT,BURNOUT,BURNOUT,BURNOUT,BURNOUT,LLLLLLLLLL,LLLL
       483,2026/05/12 14:49:35,  0,  +65.9,  +75.0,  +71.4,  +25.9,  +25.0,BURNOUT,BURNOUT,BURNOUT,BURNOUT,BURNOUT,LLLLLLLLLL,LLLL
       484,2026/05/12 14:49:36,  0,  +65.6,  +75.0,  +71.2,  +25.9,  +25.0,BURNOUT,BURNOUT,BURNOUT,BURNOUT,BURNOUT,LLLLLLLLLL,LLLL
       485,2026/05/12 14:49:37,  0,  +65.5,  +75.1,  +71.0,  +25.8,  +25.0,BURNOUT,BURNOUT,BURNOUT,BURNOUT,BURNOUT,LLLLLLLLLL,LLLL
       486,2026/05/12 14:49:38,  0,  +65.3,  +75.1,  +70.9,  +25.9,  +25.0,BURNOUT,BURNOUT,BURNOUT,BURNOUT,BURNOUT,LLLLLLLLLL,LLLL
       487,2026/05/12 14:49:39,  0,  +65.1,  +75.2,  +70.7,  +25.9,  +25.0,BURNOUT,BURNOUT,BURNOUT,BURNOUT,BURNOUT,LLLLLLLLLL,LLLL
       488,2026/05/12 14:49:40,  0,  +65.0,  +75.3,  +70.6,  +25.9,  +25.0,BURNOUT,BURNOUT,BURNOUT,BURNOUT,BURNOUT,LLLLLLLLLL,LLLL
       489,2026/05/12 14:49:41,  0,  +64.8,  +75.4,  +70.4,  +25.8,  +25.0,BURNOUT,BURNOUT,BURNOUT,BURNOUT,BURNOUT,LLLLLLLLLL,LLLL
       490,2026/05/12 14:49:42,  0,  +64.7,  +75.5,  +70.2,  +25.8,  +25.0,BURNOUT,BURNOUT,BURNOUT,BURNOUT,BURNOUT,LLLLLLLLLL,LLLL
       491,2026/05/12 14:49:43,  0,  +64.5,  +75.6,  +70.1,  +25.9,  +25.0,BURNOUT,BURNOUT,BURNOUT,BURNOUT,BURNOUT,LLLLLLLLLL,LLLL
       492,2026/05/12 14:49:44,  0,  +64.2,  +75.6,  +69.9,  +25.9,  +25.0,BURNOUT,BURNOUT,BURNOUT,BURNOUT,BURNOUT,LLLLLLLLLL,LLLL
       493,2026/05/12 14:49:45,  0,  +64.1,  +75.8,  +69.7,  +25.9,  +25.0,BURNOUT,BURNOUT,BURNOUT,BURNOUT,BURNOUT,LLLLLLLLLL,LLLL
       494,2026/05/12 14:49:46,  0,  +63.9,  +75.8,  +69.6,  +25.9,  +25.0,BURNOUT,BURNOUT,BURNOUT,BURNOUT,BURNOUT,LLLLLLLLLL,LLLL
       495,2026/05/12 14:49:47,  0,  +63.8,  +75.9,  +69.4,  +25.8,  +25.1,BURNOUT,BURNOUT,BURNOUT,BURNOUT,BURNOUT,LLLLLLLLLL,LLLL
       496,2026/05/12 14:49:48,  0,  +63.6,  +75.9,  +69.2,  +25.9,  +25.0,BURNOUT,BURNOUT,BURNOUT,BURNOUT,BURNOUT,LLLLLLLLLL,LLLL
       497,2026/05/12 14:49:49,  0,  +63.4,  +76.0,  +69.0,  +25.9,  +25.0,BURNOUT,BURNOUT,BURNOUT,BURNOUT,BURNOUT,LLLLLLLLLL,LLLL
       498,2026/05/12 14:49:50,  0,  +63.3,  +76.1,  +68.9,  +25.9,  +25.0,BURNOUT,BURNOUT,BURNOUT,BURNOUT,BURNOUT,LLLLLLLLLL,LLLL
       499,2026/05/12 14:49:51,  0,  +63.1,  +76.1,  +68.6,  +25.9,  +25.0,BURNOUT,BURNOUT,BURNOUT,BURNOUT,BURNOUT,LLLLLLLLLL,LLLL
       500,2026/05/12 14:49:52,  0,  +62.8,  +76.2,  +68.5,  +25.8,  +25.0,BURNOUT,BURNOUT,BURNOUT,BURNOUT,BURNOUT,LLLLLLLLLL,LLLL
       501,2026/05/12 14:49:53,  0,  +62.8,  +76.2,  +68.3,  +25.8,  +25.0,BURNOUT,BURNOUT,BURNOUT,BURNOUT,BURNOUT,LLLLLLLLLL,LLLL
       502,2026/05/12 14:49:54,  0,  +62.6,  +76.2,  +68.1,  +25.8,  +25.0,BURNOUT,BURNOUT,BURNOUT,BURNOUT,BURNOUT,LLLLLLLLLL,LLLL
       503,2026/05/12 14:49:55,  0,  +62.4,  +76.3,  +68.0,  +25.8,  +25.0,BURNOUT,BURNOUT,BURNOUT,BURNOUT,BURNOUT,LLLLLLLLLL,LLLL
       504,2026/05/12 14:49:56,  0,  +62.3,  +76.3,  +67.7,  +25.9,  +25.0,BURNOUT,BURNOUT,BURNOUT,BURNOUT,BURNOUT,LLLLLLLLLL,LLLL
       505,2026/05/12 14:49:57,  0,  +62.1,  +76.3,  +67.6,  +25.8,  +25.0,BURNOUT,BURNOUT,BURNOUT,BURNOUT,BURNOUT,LLLLLLLLLL,LLLL
       506,2026/05/12 14:49:58,  0,  +61.9,  +76.3,  +67.4,  +25.8,  +25.0,BURNOUT,BURNOUT,BURNOUT,BURNOUT,BURNOUT,LLLLLLLLLL,LLLL
       507,2026/05/12 14:49:59,  0,  +61.8,  +76.4,  +67.2,  +25.8,  +25.0,BURNOUT,BURNOUT,BURNOUT,BURNOUT,BURNOUT,LLLLLLLLLL,LLLL
       508,2026/05/12 14:50:00,  0,  +61.6,  +76.4,  +67.1,  +25.8,  +25.0,BURNOUT,BURNOUT,BURNOUT,BURNOUT,BURNOUT,LLLLLLLLLL,LLLL
       509,2026/05/12 14:50:01,  0,  +61.5,  +76.4,  +66.9,  +25.9,  +25.0,BURNOUT,BURNOUT,BURNOUT,BURNOUT,BURNOUT,LLLLLLLLLL,LLLL
       510,2026/05/12 14:50:02,  0,  +61.3,  +76.4,  +66.7,  +25.8,  +25.0,BURNOUT,BURNOUT,BURNOUT,BURNOUT,BURNOUT,LLLLLLLLLL,LLLL
       511,2026/05/12 14:50:03,  0,  +61.1,  +76.4,  +66.6,  +25.9,  +25.0,BURNOUT,BURNOUT,BURNOUT,BURNOUT,BURNOUT,LLLLLLLLLL,LLLL
       512,2026/05/12 14:50:04,  0,  +61.0,  +76.4,  +66.3,  +25.8,  +25.0,BURNOUT,BURNOUT,BURNOUT,BURNOUT,BURNOUT,LLLLLLLLLL,LLLL
       513,2026/05/12 14:50:05,  0,  +60.8,  +76.4,  +66.2,  +25.8,  +25.0,BURNOUT,BURNOUT,BURNOUT,BURNOUT,BURNOUT,LLLLLLLLLL,LLLL
       514,2026/05/12 14:50:06,  0,  +60.7,  +76.3,  +66.0,  +25.9,  +25.0,BURNOUT,BURNOUT,BURNOUT,BURNOUT,BURNOUT,LLLLLLLLLL,LLLL
       515,2026/05/12 14:50:07,  0,  +60.5,  +76.4,  +65.9,  +25.8,  +25.0,BURNOUT,BURNOUT,BURNOUT,BURNOUT,BURNOUT,LLLLLLLLLL,LLLL
       516,2026/05/12 14:50:08,  0,  +60.4,  +76.3,  +65.7,  +25.9,  +25.0,BURNOUT,BURNOUT,BURNOUT,BURNOUT,BURNOUT,LLLLLLLLLL,LLLL
       517,2026/05/12 14:50:09,  0,  +60.2,  +76.2,  +65.6,  +25.8,  +25.0,BURNOUT,BURNOUT,BURNOUT,BURNOUT,BURNOUT,LLLLLLLLLL,LLLL
       518,2026/05/12 14:50:10,  0,  +60.1,  +76.2,  +65.4,  +25.8,  +25.0,BURNOUT,BURNOUT,BURNOUT,BURNOUT,BURNOUT,LLLLLLLLLL,LLLL
       519,2026/05/12 14:50:11,  0,  +59.9,  +76.2,  +65.2,  +25.8,  +25.0,BURNOUT,BURNOUT,BURNOUT,BURNOUT,BURNOUT,LLLLLLLLLL,LLLL
       520,2026/05/12 14:50:12,  0,  +59.8,  +76.2,  +65.0,  +25.8,  +25.0,BURNOUT,BURNOUT,BURNOUT,BURNOUT,BURNOUT,LLLLLLLLLL,LLLL
       521,2026/05/12 14:50:13,  0,  +59.6,  +76.2,  +64.9,  +25.8,  +25.0,BURNOUT,BURNOUT,BURNOUT,BURNOUT,BURNOUT,LLLLLLLLLL,LLLL
       522,2026/05/12 14:50:14,  0,  +59.5,  +76.1,  +64.7,  +25.8,  +25.0,BURNOUT,BURNOUT,BURNOUT,BURNOUT,BURNOUT,LLLLLLLLLL,LLLL
       523,2026/05/12 14:50:15,  0,  +59.3,  +76.1,  +64.5,  +25.9,  +25.0,BURNOUT,BURNOUT,BURNOUT,BURNOUT,BURNOUT,LLLLLLLLLL,LLLL
       524,2026/05/12 14:50:16,  0,  +59.2,  +76.0,  +64.3,  +25.8,  +25.0,BURNOUT,BURNOUT,BURNOUT,BURNOUT,BURNOUT,LLLLLLLLLL,LLLL
       525,2026/05/12 14:50:17,  0,  +59.0,  +76.0,  +64.2,  +25.8,  +25.0,BURNOUT,BURNOUT,BURNOUT,BURNOUT,BURNOUT,LLLLLLLLLL,LLLL
       526,2026/05/12 14:50:18,  0,  +58.9,  +75.9,  +64.0,  +25.8,  +25.0,BURNOUT,BURNOUT,BURNOUT,BURNOUT,BURNOUT,LLLLLLLLLL,LLLL
       527,2026/05/12 14:50:19,  0,  +58.7,  +75.9,  +63.9,  +25.8,  +25.0,BURNOUT,BURNOUT,BURNOUT,BURNOUT,BURNOUT,LLLLLLLLLL,LLLL
       528,2026/05/12 14:50:20,  0,  +58.6,  +75.8,  +63.7,  +25.8,  +25.0,BURNOUT,BURNOUT,BURNOUT,BURNOUT,BURNOUT,LLLLLLLLLL,LLLL
       529,2026/05/12 14:50:21,  0,  +58.4,  +75.8,  +63.6,  +25.8,  +25.0,BURNOUT,BURNOUT,BURNOUT,BURNOUT,BURNOUT,LLLLLLLLLL,LLLL
       530,2026/05/12 14:50:22,  0,  +58.3,  +75.8,  +63.4,  +25.8,  +25.0,BURNOUT,BURNOUT,BURNOUT,BURNOUT,BURNOUT,LLLLLLLLLL,LLLL
       531,2026/05/12 14:50:23,  0,  +58.1,  +75.6,  +63.3,  +25.9,  +25.0,BURNOUT,BURNOUT,BURNOUT,BURNOUT,BURNOUT,LLLLLLLLLL,LLLL
       532,2026/05/12 14:50:24,  0,  +58.0,  +75.6,  +63.1,  +25.8,  +25.0,BURNOUT,BURNOUT,BURNOUT,BURNOUT,BURNOUT,LLLLLLLLLL,LLLL
       533,2026/05/12 14:50:25,  0,  +57.9,  +75.5,  +63.0,  +25.8,  +25.0,BURNOUT,BURNOUT,BURNOUT,BURNOUT,BURNOUT,LLLLLLLLLL,LLLL
       534,2026/05/12 14:50:26,  0,  +57.7,  +75.5,  +62.8,  +25.8,  +25.0,BURNOUT,BURNOUT,BURNOUT,BURNOUT,BURNOUT,LLLLLLLLLL,LLLL
       535,2026/05/12 14:50:27,  0,  +57.6,  +75.4,  +62.7,  +25.8,  +25.0,BURNOUT,BURNOUT,BURNOUT,BURNOUT,BURNOUT,LLLLLLLLLL,LLLL
       536,2026/05/12 14:50:28,  0,  +57.4,  +75.3,  +62.5,  +25.8,  +25.0,BURNOUT,BURNOUT,BURNOUT,BURNOUT,BURNOUT,LLLLLLLLLL,LLLL
       537,2026/05/12 14:50:29,  0,  +57.3,  +75.3,  +62.4,  +25.8,  +25.0,BURNOUT,BURNOUT,BURNOUT,BURNOUT,BURNOUT,LLLLLLLLLL,LLLL
       538,2026/05/12 14:50:30,  0,  +57.2,  +75.2,  +62.2,  +25.8,  +25.0,BURNOUT,BURNOUT,BURNOUT,BURNOUT,BURNOUT,LLLLLLLLLL,LLLL
       539,2026/05/12 14:50:31,  0,  +57.0,  +75.1,  +62.1,  +25.8,  +25.0,BURNOUT,BURNOUT,BURNOUT,BURNOUT,BURNOUT,LLLLLLLLLL,LLLL
       540,2026/05/12 14:50:32,  0,  +56.9,  +75.0,  +61.9,  +25.8,  +25.0,BURNOUT,BURNOUT,BURNOUT,BURNOUT,BURNOUT,LLLLLLLLLL,LLLL
       541,2026/05/12 14:50:33,  0,  +56.7,  +74.9,  +61.8,  +25.8,  +25.0,BURNOUT,BURNOUT,BURNOUT,BURNOUT,BURNOUT,LLLLLLLLLL,LLLL
       542,2026/05/12 14:50:34,  0,  +56.6,  +74.8,  +61.6,  +25.8,  +25.0,BURNOUT,BURNOUT,BURNOUT,BURNOUT,BURNOUT,LLLLLLLLLL,LLLL
       543,2026/05/12 14:50:35,  0,  +56.5,  +74.8,  +61.5,  +25.8,  +25.0,BURNOUT,BURNOUT,BURNOUT,BURNOUT,BURNOUT,LLLLLLLLLL,LLLL
       544,2026/05/12 14:50:36,  0,  +56.3,  +74.7,  +61.3,  +25.8,  +25.0,BURNOUT,BURNOUT,BURNOUT,BURNOUT,BURNOUT,LLLLLLLLLL,LLLL
       545,2026/05/12 14:50:37,  0,  +56.2,  +74.5,  +61.1,  +25.8,  +25.0,BURNOUT,BURNOUT,BURNOUT,BURNOUT,BURNOUT,LLLLLLLLLL,LLLL
       546,2026/05/12 14:50:38,  0,  +56.1,  +74.5,  +61.0,  +25.8,  +25.0,BURNOUT,BURNOUT,BURNOUT,BURNOUT,BURNOUT,LLLLLLLLLL,LLLL
       547,2026/05/12 14:50:39,  0,  +56.0,  +74.3,  +60.8,  +25.8,  +25.0,BURNOUT,BURNOUT,BURNOUT,BURNOUT,BURNOUT,LLLLLLLLLL,LLLL
       548,2026/05/12 14:50:40,  0,  +55.8,  +74.1,  +60.7,  +25.8,  +25.0,BURNOUT,BURNOUT,BURNOUT,BURNOUT,BURNOUT,LLLLLLLLLL,LLLL
       549,2026/05/12 14:50:41,  0,  +55.7,  +74.1,  +60.5,  +25.8,  +25.0,BURNOUT,BURNOUT,BURNOUT,BURNOUT,BURNOUT,LLLLLLLLLL,LLLL
       550,2026/05/12 14:50:42,  0,  +55.5,  +73.8,  +60.4,  +25.8,  +25.0,BURNOUT,BURNOUT,BURNOUT,BURNOUT,BURNOUT,LLLLLLLLLL,LLLL
       551,2026/05/12 14:50:43,  0,  +55.4,  +73.7,  +60.3,  +25.8,  +25.0,BURNOUT,BURNOUT,BURNOUT,BURNOUT,BURNOUT,LLLLLLLLLL,LLLL
       552,2026/05/12 14:50:44,  0,  +55.2,  +73.5,  +60.1,  +25.8,  +25.0,BURNOUT,BURNOUT,BURNOUT,BURNOUT,BURNOUT,LLLLLLLLLL,LLLL
       553,2026/05/12 14:50:45,  0,  +55.1,  +73.3,  +60.0,  +25.8,  +25.0,BURNOUT,BURNOUT,BURNOUT,BURNOUT,BURNOUT,LLLLLLLLLL,LLLL
       554,2026/05/12 14:50:46,  0,  +54.9,  +73.1,  +59.8,  +25.8,  +25.0,BURNOUT,BURNOUT,BURNOUT,BURNOUT,BURNOUT,LLLLLLLLLL,LLLL
       555,2026/05/12 14:50:47,  0,  +54.9,  +73.0,  +59.7,  +25.8,  +25.0,BURNOUT,BURNOUT,BURNOUT,BURNOUT,BURNOUT,LLLLLLLLLL,LLLL
       556,2026/05/12 14:50:48,  0,  +54.8,  +72.7,  +59.6,  +25.8,  +25.0,BURNOUT,BURNOUT,BURNOUT,BURNOUT,BURNOUT,LLLLLLLLLL,LLLL
       557,2026/05/12 14:50:49,  0,  +54.6,  +72.6,  +59.4,  +25.8,  +25.0,BURNOUT,BURNOUT,BURNOUT,BURNOUT,BURNOUT,LLLLLLLLLL,LLLL
       558,2026/05/12 14:50:50,  0,  +54.5,  +72.4,  +59.3,  +25.8,  +25.0,BURNOUT,BURNOUT,BURNOUT,BURNOUT,BURNOUT,LLLLLLLLLL,LLLL
       559,2026/05/12 14:50:51,  0,  +54.3,  +72.1,  +59.1,  +25.8,  +25.0,BURNOUT,BURNOUT,BURNOUT,BURNOUT,BURNOUT,LLLLLLLLLL,LLLL
       560,2026/05/12 14:50:52,  0,  +54.2,  +72.0,  +59.0,  +25.8,  +25.0,BURNOUT,BURNOUT,BURNOUT,BURNOUT,BURNOUT,LLLLLLLLLL,LLLL
       561,2026/05/12 14:50:53,  0,  +54.1,  +71.8,  +58.8,  +25.8,  +25.0,BURNOUT,BURNOUT,BURNOUT,BURNOUT,BURNOUT,LLLLLLLLLL,LLLL
       562,2026/05/12 14:50:54,  0,  +53.9,  +71.5,  +58.7,  +25.8,  +25.0,BURNOUT,BURNOUT,BURNOUT,BURNOUT,BURNOUT,LLLLLLLLLL,LLLL
       563,2026/05/12 14:50:55,  0,  +53.8,  +71.4,  +58.6,  +25.8,  +25.0,BURNOUT,BURNOUT,BURNOUT,BURNOUT,BURNOUT,LLLLLLLLLL,LLLL
       564,2026/05/12 14:50:56,  0,  +53.7,  +71.2,  +58.4,  +25.8,  +25.0,BURNOUT,BURNOUT,BURNOUT,BURNOUT,BURNOUT,LLLLLLLLLL,LLLL
       565,2026/05/12 14:50:57,  0,  +53.5,  +70.9,  +58.3,  +25.8,  +25.0,BURNOUT,BURNOUT,BURNOUT,BURNOUT,BURNOUT,LLLLLLLLLL,LLLL
       566,2026/05/12 14:50:58,  0,  +53.4,  +70.7,  +58.2,  +25.8,  +25.0,BURNOUT,BURNOUT,BURNOUT,BURNOUT,BURNOUT,LLLLLLLLLL,LLLL
       567,2026/05/12 14:50:59,  0,  +53.2,  +70.6,  +58.0,  +25.8,  +25.0,BURNOUT,BURNOUT,BURNOUT,BURNOUT,BURNOUT,LLLLLLLLLL,LLLL
       568,2026/05/12 14:51:00,  0,  +53.2,  +70.3,  +57.9,  +25.8,  +25.0,BURNOUT,BURNOUT,BURNOUT,BURNOUT,BURNOUT,LLLLLLLLLL,LLLL
       569,2026/05/12 14:51:01,  0,  +53.1,  +70.1,  +57.7,  +25.8,  +25.0,BURNOUT,BURNOUT,BURNOUT,BURNOUT,BURNOUT,LLLLLLLLLL,LLLL
       570,2026/05/12 14:51:02,  0,  +52.9,  +69.9,  +57.6,  +25.8,  +25.0,BURNOUT,BURNOUT,BURNOUT,BURNOUT,BURNOUT,LLLLLLLLLL,LLLL
       571,2026/05/12 14:51:03,  0,  +52.8,  +69.7,  +57.5,  +25.8,  +25.0,BURNOUT,BURNOUT,BURNOUT,BURNOUT,BURNOUT,LLLLLLLLLL,LLLL
       572,2026/05/12 14:51:04,  0,  +52.6,  +69.5,  +57.4,  +25.8,  +25.0,BURNOUT,BURNOUT,BURNOUT,BURNOUT,BURNOUT,LLLLLLLLLL,LLLL
       573,2026/05/12 14:51:05,  0,  +52.5,  +69.4,  +57.2,  +25.8,  +25.0,BURNOUT,BURNOUT,BURNOUT,BURNOUT,BURNOUT,LLLLLLLLLL,LLLL
       574,2026/05/12 14:51:06,  0,  +52.5,  +69.1,  +57.0,  +25.8,  +25.0,BURNOUT,BURNOUT,BURNOUT,BURNOUT,BURNOUT,LLLLLLLLLL,LLLL
       575,2026/05/12 14:51:07,  0,  +52.3,  +68.9,  +57.0,  +25.8,  +25.0,BURNOUT,BURNOUT,BURNOUT,BURNOUT,BURNOUT,LLLLLLLLLL,LLLL
       576,2026/05/12 14:51:08,  0,  +52.2,  +68.7,  +56.9,  +25.8,  +25.0,BURNOUT,BURNOUT,BURNOUT,BURNOUT,BURNOUT,LLLLLLLLLL,LLLL
       577,2026/05/12 14:51:09,  0,  +52.1,  +68.5,  +56.7,  +25.8,  +25.0,BURNOUT,BURNOUT,BURNOUT,BURNOUT,BURNOUT,LLLLLLLLLL,LLLL
       578,2026/05/12 14:51:10,  0,  +52.0,  +68.3,  +56.6,  +25.8,  +25.0,BURNOUT,BURNOUT,BURNOUT,BURNOUT,BURNOUT,LLLLLLLLLL,LLLL
       579,2026/05/12 14:51:11,  0,  +51.9,  +68.1,  +56.4,  +25.8,  +25.0,BURNOUT,BURNOUT,BURNOUT,BURNOUT,BURNOUT,LLLLLLLLLL,LLLL
       580,2026/05/12 14:51:12,  0,  +51.7,  +68.0,  +56.3,  +25.8,  +25.0,BURNOUT,BURNOUT,BURNOUT,BURNOUT,BURNOUT,LLLLLLLLLL,LLLL
       581,2026/05/12 14:51:13,  0,  +51.6,  +67.8,  +56.3,  +25.8,  +25.0,BURNOUT,BURNOUT,BURNOUT,BURNOUT,BURNOUT,LLLLLLLLLL,LLLL
       582,2026/05/12 14:51:14,  0,  +51.5,  +67.5,  +56.1,  +25.8,  +25.0,BURNOUT,BURNOUT,BURNOUT,BURNOUT,BURNOUT,LLLLLLLLLL,LLLL
       583,2026/05/12 14:51:15,  0,  +51.4,  +67.4,  +56.0,  +25.8,  +25.0,BURNOUT,BURNOUT,BURNOUT,BURNOUT,BURNOUT,LLLLLLLLLL,LLLL
       584,2026/05/12 14:51:16,  0,  +51.3,  +67.2,  +55.8,  +25.8,  +25.0,BURNOUT,BURNOUT,BURNOUT,BURNOUT,BURNOUT,LLLLLLLLLL,LLLL
       585,2026/05/12 14:51:17,  0,  +51.2,  +66.9,  +55.7,  +25.8,  +25.0,BURNOUT,BURNOUT,BURNOUT,BURNOUT,BURNOUT,LLLLLLLLLL,LLLL
       586,2026/05/12 14:51:18,  0,  +51.1,  +66.8,  +55.6,  +25.8,  +25.0,BURNOUT,BURNOUT,BURNOUT,BURNOUT,BURNOUT,LLLLLLLLLL,LLLL
       587,2026/05/12 14:51:19,  0,  +51.0,  +66.6,  +55.5,  +25.8,  +25.0,BURNOUT,BURNOUT,BURNOUT,BURNOUT,BURNOUT,LLLLLLLLLL,LLLL
       588,2026/05/12 14:51:20,  0,  +50.8,  +66.4,  +55.3,  +25.8,  +25.0,BURNOUT,BURNOUT,BURNOUT,BURNOUT,BURNOUT,LLLLLLLLLL,LLLL
       589,2026/05/12 14:51:21,  0,  +50.8,  +66.2,  +55.3,  +25.8,  +25.0,BURNOUT,BURNOUT,BURNOUT,BURNOUT,BURNOUT,LLLLLLLLLL,LLLL
       590,2026/05/12 14:51:22,  0,  +50.7,  +66.0,  +55.1,  +25.8,  +25.0,BURNOUT,BURNOUT,BURNOUT,BURNOUT,BURNOUT,LLLLLLLLLL,LLLL
       591,2026/05/12 14:51:23,  0,  +50.5,  +65.9,  +55.0,  +25.8,  +25.0,BURNOUT,BURNOUT,BURNOUT,BURNOUT,BURNOUT,LLLLLLLLLL,LLLL
       592,2026/05/12 14:51:24,  0,  +50.5,  +65.7,  +54.9,  +25.8,  +25.0,BURNOUT,BURNOUT,BURNOUT,BURNOUT,BURNOUT,LLLLLLLLLL,LLLL
       593,2026/05/12 14:51:25,  0,  +50.4,  +65.5,  +54.8,  +25.8,  +25.0,BURNOUT,BURNOUT,BURNOUT,BURNOUT,BURNOUT,LLLLLLLLLL,LLLL
       594,2026/05/12 14:51:26,  0,  +50.2,  +65.3,  +54.6,  +25.8,  +25.0,BURNOUT,BURNOUT,BURNOUT,BURNOUT,BURNOUT,LLLLLLLLLL,LLLL
       595,2026/05/12 14:51:27,  0,  +50.1,  +65.1,  +54.5,  +25.8,  +25.0,BURNOUT,BURNOUT,BURNOUT,BURNOUT,BURNOUT,LLLLLLLLLL,LLLL
       596,2026/05/12 14:51:28,  0,  +49.9,  +65.0,  +54.4,  +25.8,  +25.0,BURNOUT,BURNOUT,BURNOUT,BURNOUT,BURNOUT,LLLLLLLLLL,LLLL
       597,2026/05/12 14:51:29,  0,  +49.9,  +64.8,  +54.3,  +25.8,  +25.0,BURNOUT,BURNOUT,BURNOUT,BURNOUT,BURNOUT,LLLLLLLLLL,LLLL
       598,2026/05/12 14:51:30,  0,  +49.8,  +64.6,  +54.2,  +25.8,  +25.0,BURNOUT,BURNOUT,BURNOUT,BURNOUT,BURNOUT,LLLLLLLLLL,LLLL
       599,2026/05/12 14:51:31,  0,  +49.7,  +64.5,  +54.0,  +25.8,  +25.0,BURNOUT,BURNOUT,BURNOUT,BURNOUT,BURNOUT,LLLLLLLLLL,LLLL
       600,2026/05/12 14:51:32,  0,  +49.6,  +64.3,  +53.9,  +25.8,  +25.0,BURNOUT,BURNOUT,BURNOUT,BURNOUT,BURNOUT,LLLLLLLLLL,LLLL
       601,2026/05/12 14:51:33,  0,  +49.4,  +64.1,  +53.8,  +25.8,  +25.0,BURNOUT,BURNOUT,BURNOUT,BURNOUT,BURNOUT,LLLLLLLLLL,LLLL
       602,2026/05/12 14:51:34,  0,  +49.4,  +63.9,  +53.7,  +25.8,  +25.0,BURNOUT,BURNOUT,BURNOUT,BURNOUT,BURNOUT,LLLLLLLLLL,LLLL
       603,2026/05/12 14:51:35,  0,  +49.3,  +63.8,  +53.6,  +25.8,  +25.0,BURNOUT,BURNOUT,BURNOUT,BURNOUT,BURNOUT,LLLLLLLLLL,LLLL
       604,2026/05/12 14:51:36,  0,  +49.1,  +63.6,  +53.5,  +25.8,  +25.0,BURNOUT,BURNOUT,BURNOUT,BURNOUT,BURNOUT,LLLLLLLLLL,LLLL
       605,2026/05/12 14:51:37,  0,  +49.1,  +63.4,  +53.4,  +25.8,  +25.0,BURNOUT,BURNOUT,BURNOUT,BURNOUT,BURNOUT,LLLLLLLLLL,LLLL
       606,2026/05/12 14:51:38,  0,  +49.0,  +63.3,  +53.2,  +25.8,  +25.0,BURNOUT,BURNOUT,BURNOUT,BURNOUT,BURNOUT,LLLLLLLLLL,LLLL
       607,2026/05/12 14:51:39,  0,  +48.8,  +63.1,  +53.2,  +25.8,  +25.0,BURNOUT,BURNOUT,BURNOUT,BURNOUT,BURNOUT,LLLLLLLLLL,LLLL
       608,2026/05/12 14:51:40,  0,  +48.8,  +63.0,  +53.1,  +25.8,  +25.0,BURNOUT,BURNOUT,BURNOUT,BURNOUT,BURNOUT,LLLLLLLLLL,LLLL
       609,2026/05/12 14:51:41,  0,  +48.7,  +62.8,  +52.9,  +25.8,  +25.0,BURNOUT,BURNOUT,BURNOUT,BURNOUT,BURNOUT,LLLLLLLLLL,LLLL
       610,2026/05/12 14:51:42,  0,  +48.5,  +62.7,  +52.8,  +25.8,  +25.0,BURNOUT,BURNOUT,BURNOUT,BURNOUT,BURNOUT,LLLLLLLLLL,LLLL
       611,2026/05/12 14:51:43,  0,  +48.4,  +62.5,  +52.7,  +25.8,  +25.0,BURNOUT,BURNOUT,BURNOUT,BURNOUT,BURNOUT,LLLLLLLLLL,LLLL
       612,2026/05/12 14:51:44,  0,  +48.4,  +62.4,  +52.6,  +25.8,  +25.0,BURNOUT,BURNOUT,BURNOUT,BURNOUT,BURNOUT,LLLLLLLLLL,LLLL
       613,2026/05/12 14:51:45,  0,  +48.3,  +62.2,  +52.5,  +25.8,  +25.0,BURNOUT,BURNOUT,BURNOUT,BURNOUT,BURNOUT,LLLLLLLLLL,LLLL
       614,2026/05/12 14:51:46,  0,  +48.2,  +62.1,  +52.4,  +25.8,  +25.0,BURNOUT,BURNOUT,BURNOUT,BURNOUT,BURNOUT,LLLLLLLLLL,LLLL
       615,2026/05/12 14:51:47,  0,  +48.1,  +61.9,  +52.3,  +25.8,  +25.0,BURNOUT,BURNOUT,BURNOUT,BURNOUT,BURNOUT,LLLLLLLLLL,LLLL
       616,2026/05/12 14:51:48,  0,  +47.9,  +61.8,  +52.2,  +25.8,  +25.0,BURNOUT,BURNOUT,BURNOUT,BURNOUT,BURNOUT,LLLLLLLLLL,LLLL
       617,2026/05/12 14:51:49,  0,  +47.9,  +61.6,  +52.1,  +25.8,  +25.0,BURNOUT,BURNOUT,BURNOUT,BURNOUT,BURNOUT,LLLLLLLLLL,LLLL
       618,2026/05/12 14:51:50,  0,  +47.8,  +61.5,  +52.0,  +25.8,  +25.0,BURNOUT,BURNOUT,BURNOUT,BURNOUT,BURNOUT,LLLLLLLLLL,LLLL
       619,2026/05/12 14:51:51,  0,  +47.7,  +61.3,  +51.9,  +25.8,  +25.0,BURNOUT,BURNOUT,BURNOUT,BURNOUT,BURNOUT,LLLLLLLLLL,LLLL
       620,2026/05/12 14:51:52,  0,  +47.6,  +61.1,  +51.8,  +25.8,  +25.0,BURNOUT,BURNOUT,BURNOUT,BURNOUT,BURNOUT,LLLLLLLLLL,LLLL
       621,2026/05/12 14:51:53,  0,  +47.5,  +61.0,  +51.7,  +25.8,  +25.0,BURNOUT,BURNOUT,BURNOUT,BURNOUT,BURNOUT,LLLLLLLLLL,LLLL
       622,2026/05/12 14:51:54,  0,  +47.4,  +60.8,  +51.6,  +25.8,  +25.0,BURNOUT,BURNOUT,BURNOUT,BURNOUT,BURNOUT,LLLLLLLLLL,LLLL
       623,2026/05/12 14:51:55,  0,  +47.3,  +60.7,  +51.5,  +25.8,  +25.0,BURNOUT,BURNOUT,BURNOUT,BURNOUT,BURNOUT,LLLLLLLLLL,LLLL
       624,2026/05/12 14:51:56,  0,  +47.3,  +60.5,  +51.4,  +25.8,  +25.0,BURNOUT,BURNOUT,BURNOUT,BURNOUT,BURNOUT,LLLLLLLLLL,LLLL
       625,2026/05/12 14:51:57,  0,  +47.2,  +60.4,  +51.3,  +25.8,  +25.0,BURNOUT,BURNOUT,BURNOUT,BURNOUT,BURNOUT,LLLLLLLLLL,LLLL
       626,2026/05/12 14:51:58,  0,  +47.0,  +60.3,  +51.1,  +25.8,  +25.0,BURNOUT,BURNOUT,BURNOUT,BURNOUT,BURNOUT,LLLLLLLLLL,LLLL
       627,2026/05/12 14:51:59,  0,  +47.0,  +60.1,  +51.1,  +25.8,  +25.0,BURNOUT,BURNOUT,BURNOUT,BURNOUT,BURNOUT,LLLLLLLLLL,LLLL
       628,2026/05/12 14:52:00,  0,  +46.9,  +60.1,  +51.0,  +25.8,  +25.0,BURNOUT,BURNOUT,BURNOUT,BURNOUT,BURNOUT,LLLLLLLLLL,LLLL
       629,2026/05/12 14:52:01,  0,  +46.8,  +59.9,  +50.9,  +25.8,  +25.0,BURNOUT,BURNOUT,BURNOUT,BURNOUT,BURNOUT,LLLLLLLLLL,LLLL
       630,2026/05/12 14:52:02,  0,  +46.7,  +59.8,  +50.8,  +25.8,  +25.0,BURNOUT,BURNOUT,BURNOUT,BURNOUT,BURNOUT,LLLLLLLLLL,LLLL
       631,2026/05/12 14:52:03,  0,  +46.7,  +59.7,  +50.7,  +25.8,  +25.0,BURNOUT,BURNOUT,BURNOUT,BURNOUT,BURNOUT,LLLLLLLLLL,LLLL
       632,2026/05/12 14:52:04,  0,  +46.6,  +59.6,  +50.7,  +25.8,  +25.0,BURNOUT,BURNOUT,BURNOUT,BURNOUT,BURNOUT,LLLLLLLLLL,LLLL
       633,2026/05/12 14:52:05,  0,  +46.4,  +59.4,  +50.5,  +25.8,  +25.0,BURNOUT,BURNOUT,BURNOUT,BURNOUT,BURNOUT,LLLLLLLLLL,LLLL
       634,2026/05/12 14:52:06,  0,  +46.4,  +59.3,  +50.4,  +25.8,  +25.0,BURNOUT,BURNOUT,BURNOUT,BURNOUT,BURNOUT,LLLLLLLLLL,LLLL
       635,2026/05/12 14:52:07,  0,  +46.2,  +59.2,  +50.3,  +25.8,  +25.0,BURNOUT,BURNOUT,BURNOUT,BURNOUT,BURNOUT,LLLLLLLLLL,LLLL
       636,2026/05/12 14:52:08,  0,  +46.2,  +59.0,  +50.2,  +25.8,  +25.0,BURNOUT,BURNOUT,BURNOUT,BURNOUT,BURNOUT,LLLLLLLLLL,LLLL
       637,2026/05/12 14:52:09,  0,  +46.1,  +59.0,  +50.1,  +25.8,  +25.0,BURNOUT,BURNOUT,BURNOUT,BURNOUT,BURNOUT,LLLLLLLLLL,LLLL
       638,2026/05/12 14:52:10,  0,  +46.0,  +58.8,  +50.1,  +25.8,  +25.0,BURNOUT,BURNOUT,BURNOUT,BURNOUT,BURNOUT,LLLLLLLLLL,LLLL
       639,2026/05/12 14:52:11,  0,  +45.9,  +58.7,  +50.0,  +25.8,  +25.0,BURNOUT,BURNOUT,BURNOUT,BURNOUT,BURNOUT,LLLLLLLLLL,LLLL
       640,2026/05/12 14:52:12,  0,  +45.8,  +58.6,  +49.8,  +25.8,  +25.0,BURNOUT,BURNOUT,BURNOUT,BURNOUT,BURNOUT,LLLLLLLLLL,LLLL
       641,2026/05/12 14:52:13,  0,  +45.8,  +58.4,  +49.8,  +25.8,  +25.0,BURNOUT,BURNOUT,BURNOUT,BURNOUT,BURNOUT,LLLLLLLLLL,LLLL
       642,2026/05/12 14:52:14,  0,  +45.7,  +58.4,  +49.7,  +25.8,  +25.0,BURNOUT,BURNOUT,BURNOUT,BURNOUT,BURNOUT,LLLLLLLLLL,LLLL
       643,2026/05/12 14:52:15,  0,  +45.6,  +58.2,  +49.5,  +25.8,  +25.0,BURNOUT,BURNOUT,BURNOUT,BURNOUT,BURNOUT,LLLLLLLLLL,LLLL
       644,2026/05/12 14:52:16,  0,  +45.5,  +58.1,  +49.4,  +25.8,  +25.0,BURNOUT,BURNOUT,BURNOUT,BURNOUT,BURNOUT,LLLLLLLLLL,LLLL
       645,2026/05/12 14:52:17,  0,  +45.5,  +58.0,  +49.4,  +25.8,  +25.0,BURNOUT,BURNOUT,BURNOUT,BURNOUT,BURNOUT,LLLLLLLLLL,LLLL
       646,2026/05/12 14:52:18,  0,  +45.4,  +57.9,  +49.3,  +25.8,  +25.0,BURNOUT,BURNOUT,BURNOUT,BURNOUT,BURNOUT,LLLLLLLLLL,LLLL
       647,2026/05/12 14:52:19,  0,  +45.3,  +57.8,  +49.2,  +25.8,  +25.0,BURNOUT,BURNOUT,BURNOUT,BURNOUT,BURNOUT,LLLLLLLLLL,LLLL
       648,2026/05/12 14:52:20,  0,  +45.2,  +57.7,  +49.1,  +25.8,  +25.0,BURNOUT,BURNOUT,BURNOUT,BURNOUT,BURNOUT,LLLLLLLLLL,LLLL
       649,2026/05/12 14:52:21,  0,  +45.1,  +57.6,  +49.0,  +25.8,  +25.0,BURNOUT,BURNOUT,BURNOUT,BURNOUT,BURNOUT,LLLLLLLLLL,LLLL
       650,2026/05/12 14:52:22,  0,  +45.0,  +57.4,  +48.9,  +25.8,  +25.0,BURNOUT,BURNOUT,BURNOUT,BURNOUT,BURNOUT,LLLLLLLLLL,LLLL
       651,2026/05/12 14:52:23,  0,  +45.0,  +57.4,  +48.8,  +25.8,  +25.0,BURNOUT,BURNOUT,BURNOUT,BURNOUT,BURNOUT,LLLLLLLLLL,LLLL
       652,2026/05/12 14:52:24,  0,  +44.9,  +57.2,  +48.8,  +25.8,  +25.0,BURNOUT,BURNOUT,BURNOUT,BURNOUT,BURNOUT,LLLLLLLLLL,LLLL
       653,2026/05/12 14:52:25,  0,  +44.9,  +57.2,  +48.7,  +25.8,  +25.0,BURNOUT,BURNOUT,BURNOUT,BURNOUT,BURNOUT,LLLLLLLLLL,LLLL
       654,2026/05/12 14:52:26,  0,  +44.7,  +57.0,  +48.6,  +25.8,  +25.0,BURNOUT,BURNOUT,BURNOUT,BURNOUT,BURNOUT,LLLLLLLLLL,LLLL
       655,2026/05/12 14:52:27,  0,  +44.7,  +57.0,  +48.5,  +25.8,  +25.0,BURNOUT,BURNOUT,BURNOUT,BURNOUT,BURNOUT,LLLLLLLLLL,LLLL
       656,2026/05/12 14:52:28,  0,  +44.6,  +56.9,  +48.4,  +25.8,  +25.0,BURNOUT,BURNOUT,BURNOUT,BURNOUT,BURNOUT,LLLLLLLLLL,LLLL
       657,2026/05/12 14:52:29,  0,  +44.6,  +56.7,  +48.3,  +25.8,  +25.0,BURNOUT,BURNOUT,BURNOUT,BURNOUT,BURNOUT,LLLLLLLLLL,LLLL
       658,2026/05/12 14:52:30,  0,  +44.4,  +56.6,  +48.2,  +25.8,  +25.0,BURNOUT,BURNOUT,BURNOUT,BURNOUT,BURNOUT,LLLLLLLLLL,LLLL
       659,2026/05/12 14:52:31,  0,  +44.4,  +56.6,  +48.1,  +25.8,  +25.0,BURNOUT,BURNOUT,BURNOUT,BURNOUT,BURNOUT,LLLLLLLLLL,LLLL
       660,2026/05/12 14:52:32,  0,  +44.3,  +56.5,  +48.1,  +25.8,  +25.0,BURNOUT,BURNOUT,BURNOUT,BURNOUT,BURNOUT,LLLLLLLLLL,LLLL
       661,2026/05/12 14:52:33,  0,  +44.2,  +56.4,  +48.0,  +25.7,  +25.0,BURNOUT,BURNOUT,BURNOUT,BURNOUT,BURNOUT,LLLLLLLLLL,LLLL
       662,2026/05/12 14:52:34,  0,  +44.1,  +56.3,  +47.9,  +25.8,  +25.0,BURNOUT,BURNOUT,BURNOUT,BURNOUT,BURNOUT,LLLLLLLLLL,LLLL
       663,2026/05/12 14:52:35,  0,  +44.0,  +56.1,  +47.8,  +25.7,  +25.0,BURNOUT,BURNOUT,BURNOUT,BURNOUT,BURNOUT,LLLLLLLLLL,LLLL
       664,2026/05/12 14:52:36,  0,  +44.0,  +56.1,  +47.8,  +25.7,  +25.0,BURNOUT,BURNOUT,BURNOUT,BURNOUT,BURNOUT,LLLLLLLLLL,LLLL
       665,2026/05/12 14:52:37,  0,  +43.9,  +56.0,  +47.6,  +25.8,  +25.0,BURNOUT,BURNOUT,BURNOUT,BURNOUT,BURNOUT,LLLLLLLLLL,LLLL
       666,2026/05/12 14:52:38,  0,  +43.8,  +55.9,  +47.6,  +25.8,  +25.0,BURNOUT,BURNOUT,BURNOUT,BURNOUT,BURNOUT,LLLLLLLLLL,LLLL
       667,2026/05/12 14:52:39,  0,  +43.8,  +55.8,  +47.5,  +25.8,  +25.0,BURNOUT,BURNOUT,BURNOUT,BURNOUT,BURNOUT,LLLLLLLLLL,LLLL
       668,2026/05/12 14:52:40,  0,  +43.7,  +55.7,  +47.4,  +25.8,  +25.0,BURNOUT,BURNOUT,BURNOUT,BURNOUT,BURNOUT,LLLLLLLLLL,LLLL
       669,2026/05/12 14:52:41,  0,  +43.7,  +55.6,  +47.3,  +25.8,  +25.0,BURNOUT,BURNOUT,BURNOUT,BURNOUT,BURNOUT,LLLLLLLLLL,LLLL
       670,2026/05/12 14:52:42,  0,  +43.5,  +55.5,  +47.3,  +25.8,  +25.0,BURNOUT,BURNOUT,BURNOUT,BURNOUT,BURNOUT,LLLLLLLLLL,LLLL
       671,2026/05/12 14:52:43,  0,  +43.5,  +55.4,  +47.2,  +25.8,  +25.0,BURNOUT,BURNOUT,BURNOUT,BURNOUT,BURNOUT,LLLLLLLLLL,LLLL
       672,2026/05/12 14:52:44,  0,  +43.4,  +55.3,  +47.1,  +25.8,  +25.0,BURNOUT,BURNOUT,BURNOUT,BURNOUT,BURNOUT,LLLLLLLLLL,LLLL
       673,2026/05/12 14:52:45,  0,  +43.3,  +55.3,  +47.0,  +25.8,  +25.0,BURNOUT,BURNOUT,BURNOUT,BURNOUT,BURNOUT,LLLLLLLLLL,LLLL
       674,2026/05/12 14:52:46,  0,  +43.2,  +55.2,  +47.0,  +25.8,  +25.0,BURNOUT,BURNOUT,BURNOUT,BURNOUT,BURNOUT,LLLLLLLLLL,LLLL
       675,2026/05/12 14:52:47,  0,  +43.2,  +55.1,  +46.9,  +25.8,  +25.0,BURNOUT,BURNOUT,BURNOUT,BURNOUT,BURNOUT,LLLLLLLLLL,LLLL
       676,2026/05/12 14:52:48,  0,  +43.1,  +55.0,  +46.7,  +25.8,  +25.0,BURNOUT,BURNOUT,BURNOUT,BURNOUT,BURNOUT,LLLLLLLLLL,LLLL
       677,2026/05/12 14:52:49,  0,  +43.0,  +54.9,  +46.7,  +25.8,  +25.0,BURNOUT,BURNOUT,BURNOUT,BURNOUT,BURNOUT,LLLLLLLLLL,LLLL
       678,2026/05/12 14:52:50,  0,  +42.9,  +54.8,  +46.7,  +25.8,  +25.0,BURNOUT,BURNOUT,BURNOUT,BURNOUT,BURNOUT,LLLLLLLLLL,LLLL
       679,2026/05/12 14:52:51,  0,  +42.9,  +54.7,  +46.6,  +25.7,  +25.0,BURNOUT,BURNOUT,BURNOUT,BURNOUT,BURNOUT,LLLLLLLLLL,LLLL
       680,2026/05/12 14:52:52,  0,  +42.8,  +54.6,  +46.5,  +25.8,  +25.0,BURNOUT,BURNOUT,BURNOUT,BURNOUT,BURNOUT,LLLLLLLLLL,LLLL
       681,2026/05/12 14:52:53,  0,  +42.7,  +54.5,  +46.4,  +25.8,  +25.0,BURNOUT,BURNOUT,BURNOUT,BURNOUT,BURNOUT,LLLLLLLLLL,LLLL
       682,2026/05/12 14:52:54,  0,  +42.6,  +54.5,  +46.4,  +25.8,  +25.0,BURNOUT,BURNOUT,BURNOUT,BURNOUT,BURNOUT,LLLLLLLLLL,LLLL
       683,2026/05/12 14:52:55,  0,  +42.6,  +54.3,  +46.2,  +25.8,  +25.0,BURNOUT,BURNOUT,BURNOUT,BURNOUT,BURNOUT,LLLLLLLLLL,LLLL
       684,2026/05/12 14:52:56,  0,  +42.6,  +54.3,  +46.2,  +25.8,  +25.0,BURNOUT,BURNOUT,BURNOUT,BURNOUT,BURNOUT,LLLLLLLLLL,LLLL
       685,2026/05/12 14:52:57,  0,  +42.4,  +54.2,  +46.1,  +25.8,  +25.0,BURNOUT,BURNOUT,BURNOUT,BURNOUT,BURNOUT,LLLLLLLLLL,LLLL
